DROP TABLE IF EXISTS `grupo_modulos`;
CREATE TABLE `grupo_modulos` (
  `id` int(11) NOT NULL,
  `grupo_id` int(11) NOT NULL,
  `modulo_id` int(11) NOT NULL
) ENGINE=InnoDB DEFAULT CHARSET=utf8mb4;

--
-- Volcado de datos para la tabla `grupo_modulos`
--

INSERT INTO `grupo_modulos` (`id`, `grupo_id`, `modulo_id`) VALUES
(12290, 1, 1),
(1, 1, 2),
(2048, 1, 3),
(4095, 1, 4),
(12306, 1, 7),
(8189, 1, 8),
(10236, 1, 62),
(2, 2, 2),
(2049, 2, 3),
(4096, 2, 4),
(6143, 2, 7),
(8190, 2, 8),
(10237, 2, 62),
(3, 3, 2),
(2050, 3, 3),
(4097, 3, 4),
(6144, 3, 7),
(8191, 3, 8),
(10238, 3, 62),
(4, 4, 2),
(2051, 4, 3),
(4098, 4, 4),
(6145, 4, 7),
(8192, 4, 8),
(10239, 4, 62),
(5, 5, 2),
(2052, 5, 3),
(4099, 5, 4),
(6146, 5, 7),
(8193, 5, 8),
(10240, 5, 62),
(6, 6, 2),
(2053, 6, 3),
(4100, 6, 4),
(6147, 6, 7),
(8194, 6, 8),
(10241, 6, 62),
(7, 7, 2),
(2054, 7, 3),
(4101, 7, 4),
(6148, 7, 7),
(8195, 7, 8),
(10242, 7, 62),
(8, 8, 2),
(2055, 8, 3),
(4102, 8, 4),
(6149, 8, 7),
(8196, 8, 8),
(10243, 8, 62),
(9, 9, 2),
(2056, 9, 3),
(4103, 9, 4),
(6150, 9, 7),
(8197, 9, 8),
(10244, 9, 62),
(10, 10, 2),
(2057, 10, 3),
(4104, 10, 4),
(6151, 10, 7),
(8198, 10, 8),
(10245, 10, 62),
(11, 11, 2),
(2058, 11, 3),
(4105, 11, 4),
(6152, 11, 7),
(8199, 11, 8),
(10246, 11, 62),
(12, 12, 2),
(2059, 12, 3),
(4106, 12, 4),
(6153, 12, 7),
(8200, 12, 8),
(10247, 12, 62),
(13, 13, 2),
(2060, 13, 3),
(4107, 13, 4),
(6154, 13, 7),
(8201, 13, 8),
(10248, 13, 62),
(14, 14, 2),
(2061, 14, 3),
(4108, 14, 4),
(6155, 14, 7),
(8202, 14, 8),
(10249, 14, 62),
(15, 15, 2),
(2062, 15, 3),
(4109, 15, 4),
(6156, 15, 7),
(8203, 15, 8),
(10250, 15, 62),
(16, 16, 2),
(2063, 16, 3),
(4110, 16, 4),
(6157, 16, 7),
(8204, 16, 8),
(10251, 16, 62),
(17, 17, 2),
(2064, 17, 3),
(4111, 17, 4),
(6158, 17, 7),
(8205, 17, 8),
(10252, 17, 62),
(18, 18, 2),
(2065, 18, 3),
(4112, 18, 4),
(6159, 18, 7),
(8206, 18, 8),
(10253, 18, 62),
(19, 19, 2),
(2066, 19, 3),
(4113, 19, 4),
(6160, 19, 7),
(8207, 19, 8),
(10254, 19, 62),
(20, 20, 2),
(2067, 20, 3),
(4114, 20, 4),
(6161, 20, 7),
(8208, 20, 8),
(10255, 20, 62),
(21, 21, 2),
(2068, 21, 3),
(4115, 21, 4),
(6162, 21, 7),
(8209, 21, 8),
(10256, 21, 62),
(22, 22, 2),
(2069, 22, 3),
(4116, 22, 4),
(6163, 22, 7),
(8210, 22, 8),
(10257, 22, 62),
(23, 23, 2),
(2070, 23, 3),
(4117, 23, 4),
(6164, 23, 7),
(8211, 23, 8),
(10258, 23, 62),
(24, 24, 2),
(2071, 24, 3),
(4118, 24, 4),
(6165, 24, 7),
(8212, 24, 8),
(10259, 24, 62),
(25, 25, 2),
(2072, 25, 3),
(4119, 25, 4),
(6166, 25, 7),
(8213, 25, 8),
(10260, 25, 62),
(26, 26, 2),
(2073, 26, 3),
(4120, 26, 4),
(6167, 26, 7),
(8214, 26, 8),
(10261, 26, 62),
(27, 27, 2),
(2074, 27, 3),
(4121, 27, 4),
(6168, 27, 7),
(8215, 27, 8),
(10262, 27, 62),
(28, 28, 2),
(2075, 28, 3),
(4122, 28, 4),
(6169, 28, 7),
(8216, 28, 8),
(10263, 28, 62),
(29, 29, 2),
(2076, 29, 3),
(4123, 29, 4),
(6170, 29, 7),
(8217, 29, 8),
(10264, 29, 62),
(30, 30, 2),
(2077, 30, 3),
(4124, 30, 4),
(6171, 30, 7),
(8218, 30, 8),
(10265, 30, 62),
(31, 31, 2),
(2078, 31, 3),
(4125, 31, 4),
(6172, 31, 7),
(8219, 31, 8),
(10266, 31, 62),
(32, 32, 2),
(2079, 32, 3),
(4126, 32, 4),
(6173, 32, 7),
(8220, 32, 8),
(10267, 32, 62),
(33, 33, 2),
(2080, 33, 3),
(4127, 33, 4),
(6174, 33, 7),
(8221, 33, 8),
(10268, 33, 62),
(34, 42, 2),
(2081, 42, 3),
(4128, 42, 4),
(6175, 42, 7),
(8222, 42, 8),
(10269, 42, 62),
(35, 43, 2),
(2082, 43, 3),
(4129, 43, 4),
(6176, 43, 7),
(8223, 43, 8),
(10270, 43, 62),
(36, 44, 2),
(2083, 44, 3),
(4130, 44, 4),
(6177, 44, 7),
(8224, 44, 8),
(10271, 44, 62),
(37, 45, 2),
(2084, 45, 3),
(4131, 45, 4),
(6178, 45, 7),
(8225, 45, 8),
(10272, 45, 62),
(38, 46, 2),
(2085, 46, 3),
(4132, 46, 4),
(6179, 46, 7),
(8226, 46, 8),
(10273, 46, 62),
(39, 47, 2),
(2086, 47, 3),
(4133, 47, 4),
(6180, 47, 7),
(8227, 47, 8),
(10274, 47, 62),
(40, 48, 2),
(2087, 48, 3),
(4134, 48, 4),
(6181, 48, 7),
(8228, 48, 8),
(10275, 48, 62),
(41, 49, 2),
(2088, 49, 3),
(4135, 49, 4),
(6182, 49, 7),
(8229, 49, 8),
(10276, 49, 62),
(42, 50, 2),
(2089, 50, 3),
(4136, 50, 4),
(6183, 50, 7),
(8230, 50, 8),
(10277, 50, 62),
(43, 51, 2),
(2090, 51, 3),
(4137, 51, 4),
(6184, 51, 7),
(8231, 51, 8),
(10278, 51, 62),
(44, 52, 2),
(2091, 52, 3),
(4138, 52, 4),
(6185, 52, 7),
(8232, 52, 8),
(10279, 52, 62),
(45, 53, 2),
(2092, 53, 3),
(4139, 53, 4),
(6186, 53, 7),
(8233, 53, 8),
(10280, 53, 62),
(46, 54, 2),
(2093, 54, 3),
(4140, 54, 4),
(6187, 54, 7),
(8234, 54, 8),
(10281, 54, 62),
(47, 55, 2),
(2094, 55, 3),
(4141, 55, 4),
(6188, 55, 7),
(8235, 55, 8),
(10282, 55, 62),
(48, 56, 2),
(2095, 56, 3),
(4142, 56, 4),
(6189, 56, 7),
(8236, 56, 8),
(10283, 56, 62),
(49, 57, 2),
(2096, 57, 3),
(4143, 57, 4),
(6190, 57, 7),
(8237, 57, 8),
(10284, 57, 62),
(50, 58, 2),
(2097, 58, 3),
(4144, 58, 4),
(6191, 58, 7),
(8238, 58, 8),
(10285, 58, 62),
(51, 59, 2),
(2098, 59, 3),
(4145, 59, 4),
(6192, 59, 7),
(8239, 59, 8),
(10286, 59, 62),
(52, 60, 2),
(2099, 60, 3),
(4146, 60, 4),
(6193, 60, 7),
(8240, 60, 8),
(10287, 60, 62),
(53, 61, 2),
(2100, 61, 3),
(4147, 61, 4),
(6194, 61, 7),
(8241, 61, 8),
(10288, 61, 62),
(54, 62, 2),
(2101, 62, 3),
(4148, 62, 4),
(6195, 62, 7),
(8242, 62, 8),
(10289, 62, 62),
(55, 63, 2),
(2102, 63, 3),
(4149, 63, 4),
(6196, 63, 7),
(8243, 63, 8),
(10290, 63, 62),
(56, 64, 2),
(2103, 64, 3),
(4150, 64, 4),
(6197, 64, 7),
(8244, 64, 8),
(10291, 64, 62),
(57, 65, 2),
(2104, 65, 3),
(4151, 65, 4),
(6198, 65, 7),
(8245, 65, 8),
(10292, 65, 62),
(58, 66, 2),
(2105, 66, 3),
(4152, 66, 4),
(6199, 66, 7),
(8246, 66, 8),
(10293, 66, 62),
(59, 67, 2),
(2106, 67, 3),
(4153, 67, 4),
(6200, 67, 7),
(8247, 67, 8),
(10294, 67, 62),
(60, 68, 2),
(2107, 68, 3),
(4154, 68, 4),
(6201, 68, 7),
(8248, 68, 8),
(10295, 68, 62),
(61, 69, 2),
(2108, 69, 3),
(4155, 69, 4),
(6202, 69, 7),
(8249, 69, 8),
(10296, 69, 62),
(62, 70, 2),
(2109, 70, 3),
(4156, 70, 4),
(6203, 70, 7),
(8250, 70, 8),
(10297, 70, 62),
(63, 71, 2),
(2110, 71, 3),
(4157, 71, 4),
(6204, 71, 7),
(8251, 71, 8),
(10298, 71, 62),
(64, 72, 2),
(2111, 72, 3),
(4158, 72, 4),
(6205, 72, 7),
(8252, 72, 8),
(10299, 72, 62),
(65, 73, 2),
(2112, 73, 3),
(4159, 73, 4),
(6206, 73, 7),
(8253, 73, 8),
(10300, 73, 62),
(66, 74, 2),
(2113, 74, 3),
(4160, 74, 4),
(6207, 74, 7),
(8254, 74, 8),
(10301, 74, 62),
(67, 75, 2),
(2114, 75, 3),
(4161, 75, 4),
(6208, 75, 7),
(8255, 75, 8),
(10302, 75, 62),
(68, 76, 2),
(2115, 76, 3),
(4162, 76, 4),
(6209, 76, 7),
(8256, 76, 8),
(10303, 76, 62),
(69, 77, 2),
(2116, 77, 3),
(4163, 77, 4),
(6210, 77, 7),
(8257, 77, 8),
(10304, 77, 62),
(70, 78, 2),
(2117, 78, 3),
(4164, 78, 4),
(6211, 78, 7),
(8258, 78, 8),
(10305, 78, 62),
(71, 79, 2),
(2118, 79, 3),
(4165, 79, 4),
(6212, 79, 7),
(8259, 79, 8),
(10306, 79, 62),
(72, 80, 2),
(2119, 80, 3),
(4166, 80, 4),
(6213, 80, 7),
(8260, 80, 8),
(10307, 80, 62),
(73, 81, 2),
(2120, 81, 3),
(4167, 81, 4),
(6214, 81, 7),
(8261, 81, 8),
(10308, 81, 62),
(74, 82, 2),
(2121, 82, 3),
(4168, 82, 4),
(6215, 82, 7),
(8262, 82, 8),
(10309, 82, 62),
(75, 83, 2),
(2122, 83, 3),
(4169, 83, 4),
(6216, 83, 7),
(8263, 83, 8),
(10310, 83, 62),
(76, 84, 2),
(2123, 84, 3),
(4170, 84, 4),
(6217, 84, 7),
(8264, 84, 8),
(10311, 84, 62),
(77, 85, 2),
(2124, 85, 3),
(4171, 85, 4),
(6218, 85, 7),
(8265, 85, 8),
(10312, 85, 62),
(78, 86, 2),
(2125, 86, 3),
(4172, 86, 4),
(6219, 86, 7),
(8266, 86, 8),
(10313, 86, 62),
(79, 87, 2),
(2126, 87, 3),
(4173, 87, 4),
(6220, 87, 7),
(8267, 87, 8),
(10314, 87, 62),
(80, 88, 2),
(2127, 88, 3),
(4174, 88, 4),
(6221, 88, 7),
(8268, 88, 8),
(10315, 88, 62),
(81, 89, 2),
(2128, 89, 3),
(4175, 89, 4),
(6222, 89, 7),
(8269, 89, 8),
(10316, 89, 62),
(82, 91, 2),
(2129, 91, 3),
(4176, 91, 4),
(6223, 91, 7),
(8270, 91, 8),
(10317, 91, 62),
(83, 92, 2),
(2130, 92, 3),
(4177, 92, 4),
(6224, 92, 7),
(8271, 92, 8),
(10318, 92, 62),
(84, 93, 2),
(2131, 93, 3),
(4178, 93, 4),
(6225, 93, 7),
(8272, 93, 8),
(10319, 93, 62),
(85, 94, 2),
(2132, 94, 3),
(4179, 94, 4),
(6226, 94, 7),
(8273, 94, 8),
(10320, 94, 62),
(86, 95, 2),
(2133, 95, 3),
(4180, 95, 4),
(6227, 95, 7),
(8274, 95, 8),
(10321, 95, 62),
(87, 96, 2),
(2134, 96, 3),
(4181, 96, 4),
(6228, 96, 7),
(8275, 96, 8),
(10322, 96, 62),
(88, 97, 2),
(2135, 97, 3),
(4182, 97, 4),
(6229, 97, 7),
(8276, 97, 8),
(10323, 97, 62),
(89, 98, 2),
(2136, 98, 3),
(4183, 98, 4),
(6230, 98, 7),
(8277, 98, 8),
(10324, 98, 62),
(90, 99, 2),
(2137, 99, 3),
(4184, 99, 4),
(6231, 99, 7),
(8278, 99, 8),
(10325, 99, 62),
(91, 100, 2),
(2138, 100, 3),
(4185, 100, 4),
(6232, 100, 7),
(8279, 100, 8),
(10326, 100, 62),
(92, 101, 2),
(2139, 101, 3),
(4186, 101, 4),
(6233, 101, 7),
(8280, 101, 8),
(10327, 101, 62),
(93, 102, 2),
(2140, 102, 3),
(4187, 102, 4),
(6234, 102, 7),
(8281, 102, 8),
(10328, 102, 62),
(94, 103, 2),
(2141, 103, 3),
(4188, 103, 4),
(6235, 103, 7),
(8282, 103, 8),
(10329, 103, 62),
(95, 104, 2),
(2142, 104, 3),
(4189, 104, 4),
(6236, 104, 7),
(8283, 104, 8),
(10330, 104, 62),
(96, 105, 2),
(2143, 105, 3),
(4190, 105, 4),
(6237, 105, 7),
(8284, 105, 8),
(10331, 105, 62),
(97, 106, 2),
(2144, 106, 3),
(4191, 106, 4),
(6238, 106, 7),
(8285, 106, 8),
(10332, 106, 62),
(98, 107, 2),
(2145, 107, 3),
(4192, 107, 4),
(6239, 107, 7),
(8286, 107, 8),
(10333, 107, 62),
(99, 108, 2),
(2146, 108, 3),
(4193, 108, 4),
(6240, 108, 7),
(8287, 108, 8),
(10334, 108, 62),
(100, 109, 2),
(2147, 109, 3),
(4194, 109, 4),
(6241, 109, 7),
(8288, 109, 8),
(10335, 109, 62),
(101, 110, 2),
(2148, 110, 3),
(4195, 110, 4),
(6242, 110, 7),
(8289, 110, 8),
(10336, 110, 62),
(102, 111, 2),
(2149, 111, 3),
(4196, 111, 4),
(6243, 111, 7),
(8290, 111, 8),
(10337, 111, 62),
(103, 112, 2),
(2150, 112, 3),
(4197, 112, 4),
(6244, 112, 7),
(8291, 112, 8),
(10338, 112, 62),
(104, 113, 2),
(2151, 113, 3),
(4198, 113, 4),
(6245, 113, 7),
(8292, 113, 8),
(10339, 113, 62),
(105, 114, 2),
(2152, 114, 3),
(4199, 114, 4),
(6246, 114, 7),
(8293, 114, 8),
(10340, 114, 62),
(106, 115, 2),
(2153, 115, 3),
(4200, 115, 4),
(6247, 115, 7),
(8294, 115, 8),
(10341, 115, 62),
(107, 116, 2),
(2154, 116, 3),
(4201, 116, 4),
(6248, 116, 7),
(8295, 116, 8),
(10342, 116, 62),
(108, 117, 2),
(2155, 117, 3),
(4202, 117, 4),
(6249, 117, 7),
(8296, 117, 8),
(10343, 117, 62),
(109, 118, 2),
(2156, 118, 3),
(4203, 118, 4),
(6250, 118, 7),
(8297, 118, 8),
(10344, 118, 62),
(110, 119, 2),
(2157, 119, 3),
(4204, 119, 4),
(6251, 119, 7),
(8298, 119, 8),
(10345, 119, 62),
(111, 120, 2),
(2158, 120, 3),
(4205, 120, 4),
(6252, 120, 7),
(8299, 120, 8),
(10346, 120, 62),
(112, 121, 2),
(2159, 121, 3),
(4206, 121, 4),
(6253, 121, 7),
(8300, 121, 8),
(10347, 121, 62),
(113, 122, 2),
(2160, 122, 3),
(4207, 122, 4),
(6254, 122, 7),
(8301, 122, 8),
(10348, 122, 62),
(114, 123, 2),
(2161, 123, 3),
(4208, 123, 4),
(6255, 123, 7),
(8302, 123, 8),
(10349, 123, 62),
(115, 124, 2),
(2162, 124, 3),
(4209, 124, 4),
(6256, 124, 7),
(8303, 124, 8),
(10350, 124, 62),
(116, 125, 2),
(2163, 125, 3),
(4210, 125, 4),
(6257, 125, 7),
(8304, 125, 8),
(10351, 125, 62),
(117, 126, 2),
(2164, 126, 3),
(4211, 126, 4),
(6258, 126, 7),
(8305, 126, 8),
(10352, 126, 62),
(118, 127, 2),
(2165, 127, 3),
(4212, 127, 4),
(6259, 127, 7),
(8306, 127, 8),
(10353, 127, 62),
(119, 128, 2),
(2166, 128, 3),
(4213, 128, 4),
(6260, 128, 7),
(8307, 128, 8),
(10354, 128, 62),
(120, 129, 2),
(2167, 129, 3),
(4214, 129, 4),
(6261, 129, 7),
(8308, 129, 8),
(10355, 129, 62),
(121, 130, 2),
(2168, 130, 3),
(4215, 130, 4),
(6262, 130, 7),
(8309, 130, 8),
(10356, 130, 62),
(122, 131, 2),
(2169, 131, 3),
(4216, 131, 4),
(6263, 131, 7),
(8310, 131, 8),
(10357, 131, 62),
(123, 132, 2),
(2170, 132, 3),
(4217, 132, 4),
(6264, 132, 7),
(8311, 132, 8),
(10358, 132, 62),
(124, 133, 2),
(2171, 133, 3),
(4218, 133, 4),
(6265, 133, 7),
(8312, 133, 8),
(10359, 133, 62),
(125, 134, 2),
(2172, 134, 3),
(4219, 134, 4),
(6266, 134, 7),
(8313, 134, 8),
(10360, 134, 62),
(126, 135, 2),
(2173, 135, 3),
(4220, 135, 4),
(6267, 135, 7),
(8314, 135, 8),
(10361, 135, 62),
(127, 136, 2),
(2174, 136, 3),
(4221, 136, 4),
(6268, 136, 7),
(8315, 136, 8),
(10362, 136, 62),
(128, 137, 2),
(2175, 137, 3),
(4222, 137, 4),
(6269, 137, 7),
(8316, 137, 8),
(10363, 137, 62),
(129, 138, 2),
(2176, 138, 3),
(4223, 138, 4),
(6270, 138, 7),
(8317, 138, 8),
(10364, 138, 62),
(130, 139, 2),
(2177, 139, 3),
(4224, 139, 4),
(6271, 139, 7),
(8318, 139, 8),
(10365, 139, 62),
(131, 140, 2),
(2178, 140, 3),
(4225, 140, 4),
(6272, 140, 7),
(8319, 140, 8),
(10366, 140, 62),
(132, 141, 2),
(2179, 141, 3),
(4226, 141, 4),
(6273, 141, 7),
(8320, 141, 8),
(10367, 141, 62),
(133, 142, 2),
(2180, 142, 3),
(4227, 142, 4),
(6274, 142, 7),
(8321, 142, 8),
(10368, 142, 62),
(134, 143, 2),
(2181, 143, 3),
(4228, 143, 4),
(6275, 143, 7),
(8322, 143, 8),
(10369, 143, 62),
(135, 144, 2),
(2182, 144, 3),
(4229, 144, 4),
(6276, 144, 7),
(8323, 144, 8),
(10370, 144, 62),
(136, 145, 2),
(2183, 145, 3),
(4230, 145, 4),
(6277, 145, 7),
(8324, 145, 8),
(10371, 145, 62),
(137, 146, 2),
(2184, 146, 3),
(4231, 146, 4),
(6278, 146, 7),
(8325, 146, 8),
(10372, 146, 62),
(138, 147, 2),
(2185, 147, 3),
(4232, 147, 4),
(6279, 147, 7),
(8326, 147, 8),
(10373, 147, 62),
(139, 148, 2),
(2186, 148, 3),
(4233, 148, 4),
(6280, 148, 7),
(8327, 148, 8),
(10374, 148, 62),
(140, 149, 2),
(2187, 149, 3),
(4234, 149, 4),
(6281, 149, 7),
(8328, 149, 8),
(10375, 149, 62),
(141, 150, 2),
(2188, 150, 3),
(4235, 150, 4),
(6282, 150, 7),
(8329, 150, 8),
(10376, 150, 62),
(142, 151, 2),
(2189, 151, 3),
(4236, 151, 4),
(6283, 151, 7),
(8330, 151, 8),
(10377, 151, 62),
(143, 152, 2),
(2190, 152, 3),
(4237, 152, 4),
(6284, 152, 7),
(8331, 152, 8),
(10378, 152, 62),
(144, 153, 2),
(2191, 153, 3),
(4238, 153, 4),
(6285, 153, 7),
(8332, 153, 8),
(10379, 153, 62),
(145, 154, 2),
(2192, 154, 3),
(4239, 154, 4),
(6286, 154, 7),
(8333, 154, 8),
(10380, 154, 62),
(146, 155, 2),
(2193, 155, 3),
(4240, 155, 4),
(6287, 155, 7),
(8334, 155, 8),
(10381, 155, 62),
(147, 156, 2),
(2194, 156, 3),
(4241, 156, 4),
(6288, 156, 7),
(8335, 156, 8),
(10382, 156, 62),
(148, 157, 2),
(2195, 157, 3),
(4242, 157, 4),
(6289, 157, 7),
(8336, 157, 8),
(10383, 157, 62),
(149, 158, 2),
(2196, 158, 3),
(4243, 158, 4),
(6290, 158, 7),
(8337, 158, 8),
(10384, 158, 62),
(150, 159, 2),
(2197, 159, 3),
(4244, 159, 4),
(6291, 159, 7),
(8338, 159, 8),
(10385, 159, 62),
(151, 160, 2),
(2198, 160, 3),
(4245, 160, 4),
(6292, 160, 7),
(8339, 160, 8),
(10386, 160, 62),
(152, 161, 2),
(2199, 161, 3),
(4246, 161, 4),
(6293, 161, 7),
(8340, 161, 8),
(10387, 161, 62),
(153, 162, 2),
(2200, 162, 3),
(4247, 162, 4),
(6294, 162, 7),
(8341, 162, 8),
(10388, 162, 62),
(154, 163, 2),
(2201, 163, 3),
(4248, 163, 4),
(6295, 163, 7),
(8342, 163, 8),
(10389, 163, 62),
(155, 164, 2),
(2202, 164, 3),
(4249, 164, 4),
(6296, 164, 7),
(8343, 164, 8),
(10390, 164, 62),
(156, 165, 2),
(2203, 165, 3),
(4250, 165, 4),
(6297, 165, 7),
(8344, 165, 8),
(10391, 165, 62),
(157, 166, 2),
(2204, 166, 3),
(4251, 166, 4),
(6298, 166, 7),
(8345, 166, 8),
(10392, 166, 62),
(158, 167, 2),
(2205, 167, 3),
(4252, 167, 4),
(6299, 167, 7),
(8346, 167, 8),
(10393, 167, 62),
(159, 168, 2),
(2206, 168, 3),
(4253, 168, 4),
(6300, 168, 7),
(8347, 168, 8),
(10394, 168, 62),
(160, 169, 2),
(2207, 169, 3),
(4254, 169, 4),
(6301, 169, 7),
(8348, 169, 8),
(10395, 169, 62),
(161, 170, 2),
(2208, 170, 3),
(4255, 170, 4),
(6302, 170, 7),
(8349, 170, 8),
(10396, 170, 62),
(162, 171, 2),
(2209, 171, 3),
(4256, 171, 4),
(6303, 171, 7),
(8350, 171, 8),
(10397, 171, 62),
(163, 172, 2),
(2210, 172, 3),
(4257, 172, 4),
(6304, 172, 7),
(8351, 172, 8),
(10398, 172, 62),
(164, 173, 2),
(2211, 173, 3),
(4258, 173, 4),
(6305, 173, 7),
(8352, 173, 8),
(10399, 173, 62),
(165, 174, 2),
(2212, 174, 3),
(4259, 174, 4),
(6306, 174, 7),
(8353, 174, 8),
(10400, 174, 62),
(166, 175, 2),
(2213, 175, 3),
(4260, 175, 4),
(6307, 175, 7),
(8354, 175, 8),
(10401, 175, 62),
(167, 176, 2),
(2214, 176, 3),
(4261, 176, 4),
(6308, 176, 7),
(8355, 176, 8),
(10402, 176, 62),
(168, 177, 2),
(2215, 177, 3),
(4262, 177, 4),
(6309, 177, 7),
(8356, 177, 8),
(10403, 177, 62),
(169, 178, 2),
(2216, 178, 3),
(4263, 178, 4),
(6310, 178, 7),
(8357, 178, 8),
(10404, 178, 62),
(170, 179, 2),
(2217, 179, 3),
(4264, 179, 4),
(6311, 179, 7),
(8358, 179, 8),
(10405, 179, 62),
(171, 180, 2),
(2218, 180, 3),
(4265, 180, 4),
(6312, 180, 7),
(8359, 180, 8),
(10406, 180, 62),
(172, 181, 2),
(2219, 181, 3),
(4266, 181, 4),
(6313, 181, 7),
(8360, 181, 8),
(10407, 181, 62),
(173, 182, 2),
(2220, 182, 3),
(4267, 182, 4),
(6314, 182, 7),
(8361, 182, 8),
(10408, 182, 62),
(174, 183, 2),
(2221, 183, 3),
(4268, 183, 4),
(6315, 183, 7),
(8362, 183, 8),
(10409, 183, 62),
(175, 184, 2),
(2222, 184, 3),
(4269, 184, 4),
(6316, 184, 7),
(8363, 184, 8),
(10410, 184, 62),
(176, 185, 2),
(2223, 185, 3),
(4270, 185, 4),
(6317, 185, 7),
(8364, 185, 8),
(10411, 185, 62),
(177, 186, 2),
(2224, 186, 3),
(4271, 186, 4),
(6318, 186, 7),
(8365, 186, 8),
(10412, 186, 62),
(178, 187, 2),
(2225, 187, 3),
(4272, 187, 4),
(6319, 187, 7),
(8366, 187, 8),
(10413, 187, 62),
(179, 188, 2),
(2226, 188, 3),
(4273, 188, 4),
(6320, 188, 7),
(8367, 188, 8),
(10414, 188, 62),
(180, 189, 2),
(2227, 189, 3),
(4274, 189, 4),
(6321, 189, 7),
(8368, 189, 8),
(10415, 189, 62),
(181, 190, 2),
(2228, 190, 3),
(4275, 190, 4),
(6322, 190, 7),
(8369, 190, 8),
(10416, 190, 62),
(182, 191, 2),
(2229, 191, 3),
(4276, 191, 4),
(6323, 191, 7),
(8370, 191, 8),
(10417, 191, 62),
(183, 192, 2),
(2230, 192, 3),
(4277, 192, 4),
(6324, 192, 7),
(8371, 192, 8),
(10418, 192, 62),
(184, 193, 2),
(2231, 193, 3),
(4278, 193, 4),
(6325, 193, 7),
(8372, 193, 8),
(10419, 193, 62),
(185, 194, 2),
(2232, 194, 3),
(4279, 194, 4),
(6326, 194, 7),
(8373, 194, 8),
(10420, 194, 62),
(186, 195, 2),
(2233, 195, 3),
(4280, 195, 4),
(6327, 195, 7),
(8374, 195, 8),
(10421, 195, 62),
(187, 196, 2),
(2234, 196, 3),
(4281, 196, 4),
(6328, 196, 7),
(8375, 196, 8),
(10422, 196, 62),
(188, 197, 2),
(2235, 197, 3),
(4282, 197, 4),
(6329, 197, 7),
(8376, 197, 8),
(10423, 197, 62),
(189, 198, 2),
(2236, 198, 3),
(4283, 198, 4),
(6330, 198, 7),
(8377, 198, 8),
(10424, 198, 62),
(190, 199, 2),
(2237, 199, 3),
(4284, 199, 4),
(6331, 199, 7),
(8378, 199, 8),
(10425, 199, 62),
(191, 200, 2),
(2238, 200, 3),
(4285, 200, 4),
(6332, 200, 7),
(8379, 200, 8),
(10426, 200, 62),
(192, 201, 2),
(2239, 201, 3),
(4286, 201, 4),
(6333, 201, 7),
(8380, 201, 8),
(10427, 201, 62),
(193, 202, 2),
(2240, 202, 3),
(4287, 202, 4),
(6334, 202, 7),
(8381, 202, 8),
(10428, 202, 62),
(194, 203, 2),
(2241, 203, 3),
(4288, 203, 4),
(6335, 203, 7),
(8382, 203, 8),
(10429, 203, 62),
(195, 204, 2),
(2242, 204, 3),
(4289, 204, 4),
(6336, 204, 7),
(8383, 204, 8),
(10430, 204, 62),
(196, 205, 2),
(2243, 205, 3),
(4290, 205, 4),
(6337, 205, 7),
(8384, 205, 8),
(10431, 205, 62),
(197, 206, 2),
(2244, 206, 3),
(4291, 206, 4),
(6338, 206, 7),
(8385, 206, 8),
(10432, 206, 62),
(198, 207, 2),
(2245, 207, 3),
(4292, 207, 4),
(6339, 207, 7),
(8386, 207, 8),
(10433, 207, 62),
(199, 208, 2),
(2246, 208, 3),
(4293, 208, 4),
(6340, 208, 7),
(8387, 208, 8),
(10434, 208, 62),
(200, 209, 2),
(2247, 209, 3),
(4294, 209, 4),
(6341, 209, 7),
(8388, 209, 8),
(10435, 209, 62),
(201, 210, 2),
(2248, 210, 3),
(4295, 210, 4),
(6342, 210, 7),
(8389, 210, 8),
(10436, 210, 62),
(202, 211, 2),
(2249, 211, 3),
(4296, 211, 4),
(6343, 211, 7),
(8390, 211, 8),
(10437, 211, 62),
(203, 212, 2),
(2250, 212, 3),
(4297, 212, 4),
(6344, 212, 7),
(8391, 212, 8),
(10438, 212, 62),
(204, 213, 2),
(2251, 213, 3),
(4298, 213, 4),
(6345, 213, 7),
(8392, 213, 8),
(10439, 213, 62),
(205, 214, 2),
(2252, 214, 3),
(4299, 214, 4),
(6346, 214, 7),
(8393, 214, 8),
(10440, 214, 62),
(206, 215, 2),
(2253, 215, 3),
(4300, 215, 4),
(6347, 215, 7),
(8394, 215, 8),
(10441, 215, 62),
(207, 216, 2),
(2254, 216, 3),
(4301, 216, 4),
(6348, 216, 7),
(8395, 216, 8),
(10442, 216, 62),
(208, 217, 2),
(2255, 217, 3),
(4302, 217, 4),
(6349, 217, 7),
(8396, 217, 8),
(10443, 217, 62),
(209, 218, 2),
(2256, 218, 3),
(4303, 218, 4),
(6350, 218, 7),
(8397, 218, 8),
(10444, 218, 62),
(210, 219, 2),
(2257, 219, 3),
(4304, 219, 4),
(6351, 219, 7),
(8398, 219, 8),
(10445, 219, 62),
(211, 220, 2),
(2258, 220, 3),
(4305, 220, 4),
(6352, 220, 7),
(8399, 220, 8),
(10446, 220, 62),
(212, 221, 2),
(2259, 221, 3),
(4306, 221, 4),
(6353, 221, 7),
(8400, 221, 8),
(10447, 221, 62),
(213, 222, 2),
(2260, 222, 3),
(4307, 222, 4),
(6354, 222, 7),
(8401, 222, 8),
(10448, 222, 62),
(214, 223, 2),
(2261, 223, 3),
(4308, 223, 4),
(6355, 223, 7),
(8402, 223, 8),
(10449, 223, 62),
(215, 224, 2),
(2262, 224, 3),
(4309, 224, 4),
(6356, 224, 7),
(8403, 224, 8),
(10450, 224, 62),
(216, 225, 2),
(2263, 225, 3),
(4310, 225, 4),
(6357, 225, 7),
(8404, 225, 8),
(10451, 225, 62),
(217, 226, 2),
(2264, 226, 3),
(4311, 226, 4),
(6358, 226, 7),
(8405, 226, 8),
(10452, 226, 62),
(218, 227, 2),
(2265, 227, 3),
(4312, 227, 4),
(6359, 227, 7),
(8406, 227, 8),
(10453, 227, 62),
(219, 228, 2),
(2266, 228, 3),
(4313, 228, 4),
(6360, 228, 7),
(8407, 228, 8),
(10454, 228, 62),
(220, 229, 2),
(2267, 229, 3),
(4314, 229, 4),
(6361, 229, 7),
(8408, 229, 8),
(10455, 229, 62),
(221, 230, 2),
(2268, 230, 3),
(4315, 230, 4),
(6362, 230, 7),
(8409, 230, 8),
(10456, 230, 62),
(222, 231, 2),
(2269, 231, 3),
(4316, 231, 4),
(6363, 231, 7),
(8410, 231, 8),
(10457, 231, 62),
(223, 232, 2),
(2270, 232, 3),
(4317, 232, 4),
(6364, 232, 7),
(8411, 232, 8),
(10458, 232, 62),
(224, 233, 2),
(2271, 233, 3),
(4318, 233, 4),
(6365, 233, 7),
(8412, 233, 8),
(10459, 233, 62),
(225, 234, 2),
(2272, 234, 3),
(4319, 234, 4),
(6366, 234, 7),
(8413, 234, 8),
(10460, 234, 62),
(226, 235, 2),
(2273, 235, 3),
(4320, 235, 4),
(6367, 235, 7),
(8414, 235, 8),
(10461, 235, 62),
(227, 236, 2),
(2274, 236, 3),
(4321, 236, 4),
(6368, 236, 7),
(8415, 236, 8),
(10462, 236, 62),
(228, 237, 2),
(2275, 237, 3),
(4322, 237, 4),
(6369, 237, 7),
(8416, 237, 8),
(10463, 237, 62),
(229, 238, 2),
(2276, 238, 3),
(4323, 238, 4),
(6370, 238, 7),
(8417, 238, 8),
(10464, 238, 62),
(230, 239, 2),
(2277, 239, 3),
(4324, 239, 4),
(6371, 239, 7),
(8418, 239, 8),
(10465, 239, 62),
(231, 240, 2),
(2278, 240, 3),
(4325, 240, 4),
(6372, 240, 7),
(8419, 240, 8),
(10466, 240, 62),
(232, 241, 2),
(2279, 241, 3),
(4326, 241, 4),
(6373, 241, 7),
(8420, 241, 8),
(10467, 241, 62),
(233, 242, 2),
(2280, 242, 3),
(4327, 242, 4),
(6374, 242, 7),
(8421, 242, 8),
(10468, 242, 62),
(234, 243, 2),
(2281, 243, 3),
(4328, 243, 4),
(6375, 243, 7),
(8422, 243, 8),
(10469, 243, 62),
(235, 244, 2),
(2282, 244, 3),
(4329, 244, 4),
(6376, 244, 7),
(8423, 244, 8),
(10470, 244, 62),
(236, 246, 2),
(2283, 246, 3),
(4330, 246, 4),
(6377, 246, 7),
(8424, 246, 8),
(10471, 246, 62),
(237, 247, 2),
(2284, 247, 3),
(4331, 247, 4),
(6378, 247, 7),
(8425, 247, 8),
(10472, 247, 62),
(238, 248, 2),
(2285, 248, 3),
(4332, 248, 4),
(6379, 248, 7),
(8426, 248, 8),
(10473, 248, 62),
(239, 249, 2),
(2286, 249, 3),
(4333, 249, 4),
(6380, 249, 7),
(8427, 249, 8),
(10474, 249, 62),
(240, 250, 2),
(2287, 250, 3),
(4334, 250, 4),
(6381, 250, 7),
(8428, 250, 8),
(10475, 250, 62),
(241, 251, 2),
(2288, 251, 3),
(4335, 251, 4),
(6382, 251, 7),
(8429, 251, 8),
(10476, 251, 62),
(242, 252, 2),
(2289, 252, 3),
(4336, 252, 4),
(6383, 252, 7),
(8430, 252, 8),
(10477, 252, 62),
(243, 253, 2),
(2290, 253, 3),
(4337, 253, 4),
(6384, 253, 7),
(8431, 253, 8),
(10478, 253, 62),
(244, 254, 2),
(2291, 254, 3),
(4338, 254, 4),
(6385, 254, 7),
(8432, 254, 8),
(10479, 254, 62),
(245, 255, 2),
(2292, 255, 3),
(4339, 255, 4),
(6386, 255, 7),
(8433, 255, 8),
(10480, 255, 62),
(246, 256, 2),
(2293, 256, 3),
(4340, 256, 4),
(6387, 256, 7),
(8434, 256, 8),
(10481, 256, 62),
(247, 257, 2),
(2294, 257, 3),
(4341, 257, 4),
(6388, 257, 7),
(8435, 257, 8),
(10482, 257, 62),
(248, 258, 2),
(2295, 258, 3),
(4342, 258, 4),
(6389, 258, 7),
(8436, 258, 8),
(10483, 258, 62),
(249, 259, 2),
(2296, 259, 3),
(4343, 259, 4),
(6390, 259, 7),
(8437, 259, 8),
(10484, 259, 62),
(250, 260, 2),
(2297, 260, 3),
(4344, 260, 4),
(6391, 260, 7),
(8438, 260, 8),
(10485, 260, 62),
(251, 261, 2),
(2298, 261, 3),
(4345, 261, 4),
(6392, 261, 7),
(8439, 261, 8),
(10486, 261, 62),
(252, 262, 2),
(2299, 262, 3),
(4346, 262, 4),
(6393, 262, 7),
(8440, 262, 8),
(10487, 262, 62),
(253, 263, 2),
(2300, 263, 3),
(4347, 263, 4),
(6394, 263, 7),
(8441, 263, 8),
(10488, 263, 62),
(254, 264, 2),
(2301, 264, 3),
(4348, 264, 4),
(6395, 264, 7),
(8442, 264, 8),
(10489, 264, 62),
(255, 265, 2),
(2302, 265, 3),
(4349, 265, 4),
(6396, 265, 7),
(8443, 265, 8),
(10490, 265, 62),
(256, 266, 2),
(2303, 266, 3),
(4350, 266, 4),
(6397, 266, 7),
(8444, 266, 8),
(10491, 266, 62),
(257, 267, 2),
(2304, 267, 3),
(4351, 267, 4),
(6398, 267, 7),
(8445, 267, 8),
(10492, 267, 62),
(258, 268, 2),
(2305, 268, 3),
(4352, 268, 4),
(6399, 268, 7),
(8446, 268, 8),
(10493, 268, 62),
(259, 269, 2),
(2306, 269, 3),
(4353, 269, 4),
(6400, 269, 7),
(8447, 269, 8),
(10494, 269, 62),
(260, 270, 2),
(2307, 270, 3),
(4354, 270, 4),
(6401, 270, 7),
(8448, 270, 8),
(10495, 270, 62),
(261, 271, 2),
(2308, 271, 3),
(4355, 271, 4),
(6402, 271, 7),
(8449, 271, 8),
(10496, 271, 62),
(262, 272, 2),
(2309, 272, 3),
(4356, 272, 4),
(6403, 272, 7),
(8450, 272, 8),
(10497, 272, 62),
(263, 273, 2),
(2310, 273, 3),
(4357, 273, 4),
(6404, 273, 7),
(8451, 273, 8),
(10498, 273, 62),
(264, 274, 2),
(2311, 274, 3),
(4358, 274, 4),
(6405, 274, 7),
(8452, 274, 8),
(10499, 274, 62),
(265, 275, 2),
(2312, 275, 3),
(4359, 275, 4),
(6406, 275, 7),
(8453, 275, 8),
(10500, 275, 62),
(266, 276, 2),
(2313, 276, 3),
(4360, 276, 4),
(6407, 276, 7),
(8454, 276, 8),
(10501, 276, 62),
(267, 277, 2),
(2314, 277, 3),
(4361, 277, 4),
(6408, 277, 7),
(8455, 277, 8),
(10502, 277, 62),
(268, 278, 2),
(2315, 278, 3),
(4362, 278, 4),
(6409, 278, 7),
(8456, 278, 8),
(10503, 278, 62),
(269, 279, 2),
(2316, 279, 3),
(4363, 279, 4),
(6410, 279, 7),
(8457, 279, 8),
(10504, 279, 62),
(270, 280, 2),
(2317, 280, 3),
(4364, 280, 4),
(6411, 280, 7),
(8458, 280, 8),
(10505, 280, 62),
(271, 281, 2),
(2318, 281, 3),
(4365, 281, 4),
(6412, 281, 7),
(8459, 281, 8),
(10506, 281, 62),
(272, 282, 2),
(2319, 282, 3),
(4366, 282, 4),
(6413, 282, 7),
(8460, 282, 8),
(10507, 282, 62),
(273, 283, 2),
(2320, 283, 3),
(4367, 283, 4),
(6414, 283, 7),
(8461, 283, 8),
(10508, 283, 62),
(274, 284, 2),
(2321, 284, 3),
(4368, 284, 4),
(6415, 284, 7),
(8462, 284, 8),
(10509, 284, 62),
(275, 285, 2),
(2322, 285, 3),
(4369, 285, 4),
(6416, 285, 7),
(8463, 285, 8),
(10510, 285, 62),
(276, 286, 2),
(2323, 286, 3),
(4370, 286, 4),
(6417, 286, 7),
(8464, 286, 8),
(10511, 286, 62),
(277, 287, 2),
(2324, 287, 3),
(4371, 287, 4),
(6418, 287, 7),
(8465, 287, 8),
(10512, 287, 62),
(278, 288, 2),
(2325, 288, 3),
(4372, 288, 4),
(6419, 288, 7),
(8466, 288, 8),
(10513, 288, 62),
(279, 289, 2),
(2326, 289, 3),
(4373, 289, 4),
(6420, 289, 7),
(8467, 289, 8),
(10514, 289, 62),
(280, 290, 2),
(2327, 290, 3),
(4374, 290, 4),
(6421, 290, 7),
(8468, 290, 8),
(10515, 290, 62),
(281, 291, 2),
(2328, 291, 3),
(4375, 291, 4),
(6422, 291, 7),
(8469, 291, 8),
(10516, 291, 62),
(282, 292, 2),
(2329, 292, 3),
(4376, 292, 4),
(6423, 292, 7),
(8470, 292, 8),
(10517, 292, 62),
(283, 293, 2),
(2330, 293, 3),
(4377, 293, 4),
(6424, 293, 7),
(8471, 293, 8),
(10518, 293, 62),
(284, 294, 2),
(2331, 294, 3),
(4378, 294, 4),
(6425, 294, 7),
(8472, 294, 8),
(10519, 294, 62),
(285, 295, 2),
(2332, 295, 3),
(4379, 295, 4),
(6426, 295, 7),
(8473, 295, 8),
(10520, 295, 62),
(286, 296, 2),
(2333, 296, 3),
(4380, 296, 4),
(6427, 296, 7),
(8474, 296, 8),
(10521, 296, 62),
(287, 297, 2),
(2334, 297, 3),
(4381, 297, 4),
(6428, 297, 7),
(8475, 297, 8),
(10522, 297, 62),
(288, 298, 2),
(2335, 298, 3),
(4382, 298, 4),
(6429, 298, 7),
(8476, 298, 8),
(10523, 298, 62),
(289, 299, 2),
(2336, 299, 3),
(4383, 299, 4),
(6430, 299, 7),
(8477, 299, 8),
(10524, 299, 62),
(290, 300, 2),
(2337, 300, 3),
(4384, 300, 4),
(6431, 300, 7),
(8478, 300, 8),
(10525, 300, 62),
(291, 301, 2),
(2338, 301, 3),
(4385, 301, 4),
(6432, 301, 7),
(8479, 301, 8),
(10526, 301, 62),
(292, 302, 2),
(2339, 302, 3),
(4386, 302, 4),
(6433, 302, 7),
(8480, 302, 8),
(10527, 302, 62),
(293, 303, 2),
(2340, 303, 3),
(4387, 303, 4),
(6434, 303, 7),
(8481, 303, 8),
(10528, 303, 62),
(294, 304, 2),
(2341, 304, 3),
(4388, 304, 4),
(6435, 304, 7),
(8482, 304, 8),
(10529, 304, 62),
(295, 305, 2),
(2342, 305, 3),
(4389, 305, 4),
(6436, 305, 7),
(8483, 305, 8),
(10530, 305, 62),
(296, 306, 2),
(2343, 306, 3),
(4390, 306, 4),
(6437, 306, 7),
(8484, 306, 8),
(10531, 306, 62),
(297, 307, 2),
(2344, 307, 3),
(4391, 307, 4),
(6438, 307, 7),
(8485, 307, 8),
(10532, 307, 62),
(298, 308, 2),
(2345, 308, 3),
(4392, 308, 4),
(6439, 308, 7),
(8486, 308, 8),
(10533, 308, 62),
(299, 309, 2),
(2346, 309, 3),
(4393, 309, 4),
(6440, 309, 7),
(8487, 309, 8),
(10534, 309, 62),
(300, 310, 2),
(2347, 310, 3),
(4394, 310, 4),
(6441, 310, 7),
(8488, 310, 8),
(10535, 310, 62),
(301, 311, 2),
(2348, 311, 3),
(4395, 311, 4),
(6442, 311, 7),
(8489, 311, 8),
(10536, 311, 62),
(302, 312, 2),
(2349, 312, 3),
(4396, 312, 4),
(6443, 312, 7),
(8490, 312, 8),
(10537, 312, 62),
(303, 314, 2),
(2350, 314, 3),
(4397, 314, 4),
(6444, 314, 7),
(8491, 314, 8),
(10538, 314, 62),
(304, 315, 2),
(2351, 315, 3),
(4398, 315, 4),
(6445, 315, 7),
(8492, 315, 8),
(10539, 315, 62),
(305, 316, 2),
(2352, 316, 3),
(4399, 316, 4),
(6446, 316, 7),
(8493, 316, 8),
(10540, 316, 62),
(306, 317, 2),
(2353, 317, 3),
(4400, 317, 4),
(6447, 317, 7),
(8494, 317, 8),
(10541, 317, 62),
(307, 318, 2),
(2354, 318, 3),
(4401, 318, 4),
(6448, 318, 7),
(8495, 318, 8),
(10542, 318, 62),
(308, 319, 2),
(2355, 319, 3),
(4402, 319, 4),
(6449, 319, 7),
(8496, 319, 8),
(10543, 319, 62),
(309, 320, 2),
(2356, 320, 3),
(4403, 320, 4),
(6450, 320, 7),
(8497, 320, 8),
(10544, 320, 62),
(310, 321, 2),
(2357, 321, 3),
(4404, 321, 4),
(6451, 321, 7),
(8498, 321, 8),
(10545, 321, 62),
(311, 322, 2),
(2358, 322, 3),
(4405, 322, 4),
(6452, 322, 7),
(8499, 322, 8),
(10546, 322, 62),
(312, 323, 2),
(2359, 323, 3),
(4406, 323, 4),
(6453, 323, 7),
(8500, 323, 8),
(10547, 323, 62),
(313, 324, 2),
(2360, 324, 3),
(4407, 324, 4),
(6454, 324, 7),
(8501, 324, 8),
(10548, 324, 62),
(314, 325, 2),
(2361, 325, 3),
(4408, 325, 4),
(6455, 325, 7),
(8502, 325, 8),
(10549, 325, 62),
(315, 326, 2),
(2362, 326, 3),
(4409, 326, 4),
(6456, 326, 7),
(8503, 326, 8),
(10550, 326, 62),
(316, 327, 2),
(2363, 327, 3),
(4410, 327, 4),
(6457, 327, 7),
(8504, 327, 8),
(10551, 327, 62),
(317, 328, 2),
(2364, 328, 3),
(4411, 328, 4),
(6458, 328, 7),
(8505, 328, 8),
(10552, 328, 62),
(318, 329, 2),
(2365, 329, 3),
(4412, 329, 4),
(6459, 329, 7),
(8506, 329, 8),
(10553, 329, 62),
(319, 330, 2),
(2366, 330, 3),
(4413, 330, 4),
(6460, 330, 7),
(8507, 330, 8),
(10554, 330, 62),
(320, 331, 2),
(2367, 331, 3),
(4414, 331, 4),
(6461, 331, 7),
(8508, 331, 8),
(10555, 331, 62),
(321, 332, 2),
(2368, 332, 3),
(4415, 332, 4),
(6462, 332, 7),
(8509, 332, 8),
(10556, 332, 62),
(322, 333, 2),
(2369, 333, 3),
(4416, 333, 4),
(6463, 333, 7),
(8510, 333, 8),
(10557, 333, 62),
(323, 335, 2),
(2370, 335, 3),
(4417, 335, 4),
(6464, 335, 7),
(8511, 335, 8),
(10558, 335, 62),
(324, 336, 2),
(2371, 336, 3),
(4418, 336, 4),
(6465, 336, 7),
(8512, 336, 8),
(10559, 336, 62),
(325, 337, 2),
(2372, 337, 3),
(4419, 337, 4),
(6466, 337, 7),
(8513, 337, 8),
(10560, 337, 62),
(326, 338, 2),
(2373, 338, 3),
(4420, 338, 4),
(6467, 338, 7),
(8514, 338, 8),
(10561, 338, 62),
(327, 339, 2),
(2374, 339, 3),
(4421, 339, 4),
(6468, 339, 7),
(8515, 339, 8),
(10562, 339, 62),
(328, 340, 2),
(2375, 340, 3),
(4422, 340, 4),
(6469, 340, 7),
(8516, 340, 8),
(10563, 340, 62),
(329, 341, 2),
(2376, 341, 3),
(4423, 341, 4),
(6470, 341, 7),
(8517, 341, 8),
(10564, 341, 62),
(330, 342, 2),
(2377, 342, 3),
(4424, 342, 4),
(6471, 342, 7),
(8518, 342, 8),
(10565, 342, 62),
(331, 343, 2),
(2378, 343, 3),
(4425, 343, 4),
(6472, 343, 7),
(8519, 343, 8),
(10566, 343, 62),
(332, 347, 2),
(2379, 347, 3),
(4426, 347, 4),
(6473, 347, 7),
(8520, 347, 8),
(10567, 347, 62),
(333, 348, 2),
(2380, 348, 3),
(4427, 348, 4),
(6474, 348, 7),
(8521, 348, 8),
(10568, 348, 62),
(334, 351, 2),
(2381, 351, 3),
(4428, 351, 4),
(6475, 351, 7),
(8522, 351, 8),
(10569, 351, 62),
(335, 352, 2),
(2382, 352, 3),
(4429, 352, 4),
(6476, 352, 7),
(8523, 352, 8),
(10570, 352, 62),
(336, 353, 2),
(2383, 353, 3),
(4430, 353, 4),
(6477, 353, 7),
(8524, 353, 8),
(10571, 353, 62),
(337, 354, 2),
(2384, 354, 3),
(4431, 354, 4),
(6478, 354, 7),
(8525, 354, 8),
(10572, 354, 62),
(338, 355, 2),
(2385, 355, 3),
(4432, 355, 4),
(6479, 355, 7),
(8526, 355, 8),
(10573, 355, 62),
(339, 356, 2),
(2386, 356, 3),
(4433, 356, 4),
(6480, 356, 7),
(8527, 356, 8),
(10574, 356, 62),
(340, 357, 2),
(2387, 357, 3),
(4434, 357, 4),
(6481, 357, 7),
(8528, 357, 8),
(10575, 357, 62),
(341, 358, 2),
(2388, 358, 3),
(4435, 358, 4),
(6482, 358, 7),
(8529, 358, 8),
(10576, 358, 62),
(342, 359, 2),
(2389, 359, 3),
(4436, 359, 4),
(6483, 359, 7),
(8530, 359, 8),
(10577, 359, 62),
(343, 360, 2),
(2390, 360, 3),
(4437, 360, 4),
(6484, 360, 7),
(8531, 360, 8),
(10578, 360, 62),
(344, 361, 2),
(2391, 361, 3),
(4438, 361, 4),
(6485, 361, 7),
(8532, 361, 8),
(10579, 361, 62),
(345, 362, 2),
(2392, 362, 3),
(4439, 362, 4),
(6486, 362, 7),
(8533, 362, 8),
(10580, 362, 62),
(346, 363, 2),
(2393, 363, 3),
(4440, 363, 4),
(6487, 363, 7),
(8534, 363, 8),
(10581, 363, 62),
(347, 364, 2),
(2394, 364, 3),
(4441, 364, 4),
(6488, 364, 7),
(8535, 364, 8),
(10582, 364, 62),
(348, 365, 2),
(2395, 365, 3),
(4442, 365, 4),
(6489, 365, 7),
(8536, 365, 8),
(10583, 365, 62),
(349, 366, 2),
(2396, 366, 3),
(4443, 366, 4),
(6490, 366, 7),
(8537, 366, 8),
(10584, 366, 62),
(350, 367, 2),
(2397, 367, 3),
(4444, 367, 4),
(6491, 367, 7),
(8538, 367, 8),
(10585, 367, 62),
(351, 368, 2),
(2398, 368, 3),
(4445, 368, 4),
(6492, 368, 7),
(8539, 368, 8),
(10586, 368, 62),
(352, 369, 2),
(2399, 369, 3),
(4446, 369, 4),
(6493, 369, 7),
(8540, 369, 8),
(10587, 369, 62),
(353, 370, 2),
(2400, 370, 3),
(4447, 370, 4),
(6494, 370, 7),
(8541, 370, 8),
(10588, 370, 62),
(354, 371, 2),
(2401, 371, 3),
(4448, 371, 4),
(6495, 371, 7),
(8542, 371, 8),
(10589, 371, 62),
(355, 372, 2),
(2402, 372, 3),
(4449, 372, 4),
(6496, 372, 7),
(8543, 372, 8),
(10590, 372, 62),
(356, 373, 2),
(2403, 373, 3),
(4450, 373, 4),
(6497, 373, 7),
(8544, 373, 8),
(10591, 373, 62),
(357, 374, 2),
(2404, 374, 3),
(4451, 374, 4),
(6498, 374, 7),
(8545, 374, 8),
(10592, 374, 62),
(358, 375, 2),
(2405, 375, 3),
(4452, 375, 4),
(6499, 375, 7),
(8546, 375, 8),
(10593, 375, 62),
(359, 376, 2),
(2406, 376, 3),
(4453, 376, 4),
(6500, 376, 7),
(8547, 376, 8),
(10594, 376, 62),
(360, 377, 2),
(2407, 377, 3),
(4454, 377, 4),
(6501, 377, 7),
(8548, 377, 8),
(10595, 377, 62),
(361, 378, 2),
(2408, 378, 3),
(4455, 378, 4),
(6502, 378, 7),
(8549, 378, 8),
(10596, 378, 62),
(362, 379, 2),
(2409, 379, 3),
(4456, 379, 4),
(6503, 379, 7),
(8550, 379, 8),
(10597, 379, 62),
(363, 380, 2),
(2410, 380, 3),
(4457, 380, 4),
(6504, 380, 7),
(8551, 380, 8),
(10598, 380, 62),
(364, 381, 2),
(2411, 381, 3),
(4458, 381, 4),
(6505, 381, 7),
(8552, 381, 8),
(10599, 381, 62),
(365, 382, 2),
(2412, 382, 3),
(4459, 382, 4),
(6506, 382, 7),
(8553, 382, 8),
(10600, 382, 62),
(366, 383, 2),
(2413, 383, 3),
(4460, 383, 4),
(6507, 383, 7),
(8554, 383, 8),
(10601, 383, 62),
(367, 384, 2),
(2414, 384, 3),
(4461, 384, 4),
(6508, 384, 7),
(8555, 384, 8),
(10602, 384, 62),
(368, 385, 2),
(2415, 385, 3),
(4462, 385, 4),
(6509, 385, 7),
(8556, 385, 8),
(10603, 385, 62),
(369, 386, 2),
(2416, 386, 3),
(4463, 386, 4),
(6510, 386, 7),
(8557, 386, 8),
(10604, 386, 62),
(370, 387, 2),
(2417, 387, 3),
(4464, 387, 4),
(6511, 387, 7),
(8558, 387, 8),
(10605, 387, 62),
(371, 388, 2),
(2418, 388, 3),
(4465, 388, 4),
(6512, 388, 7),
(8559, 388, 8),
(10606, 388, 62),
(372, 389, 2),
(2419, 389, 3),
(4466, 389, 4),
(6513, 389, 7),
(8560, 389, 8),
(10607, 389, 62),
(373, 390, 2),
(2420, 390, 3),
(4467, 390, 4),
(6514, 390, 7),
(8561, 390, 8),
(10608, 390, 62),
(374, 391, 2),
(2421, 391, 3),
(4468, 391, 4),
(6515, 391, 7),
(8562, 391, 8),
(10609, 391, 62),
(375, 392, 2),
(2422, 392, 3),
(4469, 392, 4),
(6516, 392, 7),
(8563, 392, 8),
(10610, 392, 62),
(376, 393, 2),
(2423, 393, 3),
(4470, 393, 4),
(6517, 393, 7),
(8564, 393, 8),
(10611, 393, 62),
(377, 394, 2),
(2424, 394, 3),
(4471, 394, 4),
(6518, 394, 7),
(8565, 394, 8),
(10612, 394, 62),
(378, 395, 2),
(2425, 395, 3),
(4472, 395, 4),
(6519, 395, 7),
(8566, 395, 8),
(10613, 395, 62),
(379, 396, 2),
(2426, 396, 3),
(4473, 396, 4),
(6520, 396, 7),
(8567, 396, 8),
(10614, 396, 62),
(380, 397, 2),
(2427, 397, 3),
(4474, 397, 4),
(6521, 397, 7),
(8568, 397, 8),
(10615, 397, 62),
(381, 398, 2),
(2428, 398, 3),
(4475, 398, 4),
(6522, 398, 7),
(8569, 398, 8),
(10616, 398, 62),
(382, 399, 2),
(2429, 399, 3),
(4476, 399, 4),
(6523, 399, 7),
(8570, 399, 8),
(10617, 399, 62),
(383, 400, 2),
(2430, 400, 3),
(4477, 400, 4),
(6524, 400, 7),
(8571, 400, 8),
(10618, 400, 62),
(384, 401, 2),
(2431, 401, 3),
(4478, 401, 4),
(6525, 401, 7),
(8572, 401, 8),
(10619, 401, 62),
(385, 402, 2),
(2432, 402, 3),
(4479, 402, 4),
(6526, 402, 7),
(8573, 402, 8),
(10620, 402, 62),
(386, 403, 2),
(2433, 403, 3),
(4480, 403, 4),
(6527, 403, 7),
(8574, 403, 8),
(10621, 403, 62),
(387, 404, 2),
(2434, 404, 3),
(4481, 404, 4),
(6528, 404, 7),
(8575, 404, 8),
(10622, 404, 62),
(388, 405, 2),
(2435, 405, 3),
(4482, 405, 4),
(6529, 405, 7),
(8576, 405, 8),
(10623, 405, 62),
(389, 406, 2),
(2436, 406, 3),
(4483, 406, 4),
(6530, 406, 7),
(8577, 406, 8),
(10624, 406, 62),
(390, 407, 2),
(2437, 407, 3),
(4484, 407, 4),
(6531, 407, 7),
(8578, 407, 8),
(10625, 407, 62),
(391, 408, 2),
(2438, 408, 3),
(4485, 408, 4),
(6532, 408, 7),
(8579, 408, 8),
(10626, 408, 62),
(392, 409, 2),
(2439, 409, 3),
(4486, 409, 4),
(6533, 409, 7),
(8580, 409, 8),
(10627, 409, 62),
(393, 410, 2),
(2440, 410, 3),
(4487, 410, 4),
(6534, 410, 7),
(8581, 410, 8),
(10628, 410, 62),
(394, 411, 2),
(2441, 411, 3),
(4488, 411, 4),
(6535, 411, 7),
(8582, 411, 8),
(10629, 411, 62),
(395, 412, 2),
(2442, 412, 3),
(4489, 412, 4),
(6536, 412, 7),
(8583, 412, 8),
(10630, 412, 62),
(396, 413, 2),
(2443, 413, 3),
(4490, 413, 4),
(6537, 413, 7),
(8584, 413, 8),
(10631, 413, 62),
(397, 414, 2),
(2444, 414, 3),
(4491, 414, 4),
(6538, 414, 7),
(8585, 414, 8),
(10632, 414, 62),
(398, 415, 2),
(2445, 415, 3),
(4492, 415, 4),
(6539, 415, 7),
(8586, 415, 8),
(10633, 415, 62),
(399, 416, 2),
(2446, 416, 3),
(4493, 416, 4),
(6540, 416, 7),
(8587, 416, 8),
(10634, 416, 62),
(400, 417, 2),
(2447, 417, 3),
(4494, 417, 4),
(6541, 417, 7),
(8588, 417, 8),
(10635, 417, 62),
(401, 418, 2),
(2448, 418, 3),
(4495, 418, 4),
(6542, 418, 7),
(8589, 418, 8),
(10636, 418, 62),
(402, 419, 2),
(2449, 419, 3),
(4496, 419, 4),
(6543, 419, 7),
(8590, 419, 8),
(10637, 419, 62),
(403, 420, 2),
(2450, 420, 3),
(4497, 420, 4),
(6544, 420, 7),
(8591, 420, 8),
(10638, 420, 62),
(404, 421, 2),
(2451, 421, 3),
(4498, 421, 4),
(6545, 421, 7),
(8592, 421, 8),
(10639, 421, 62),
(405, 422, 2),
(2452, 422, 3),
(4499, 422, 4),
(6546, 422, 7),
(8593, 422, 8),
(10640, 422, 62),
(406, 423, 2),
(2453, 423, 3),
(4500, 423, 4),
(6547, 423, 7),
(8594, 423, 8),
(10641, 423, 62),
(407, 424, 2),
(2454, 424, 3),
(4501, 424, 4),
(6548, 424, 7),
(8595, 424, 8),
(10642, 424, 62),
(408, 425, 2),
(2455, 425, 3),
(4502, 425, 4),
(6549, 425, 7),
(8596, 425, 8),
(10643, 425, 62),
(409, 426, 2),
(2456, 426, 3),
(4503, 426, 4),
(6550, 426, 7),
(8597, 426, 8),
(10644, 426, 62),
(410, 427, 2),
(2457, 427, 3),
(4504, 427, 4),
(6551, 427, 7),
(8598, 427, 8),
(10645, 427, 62),
(411, 428, 2),
(2458, 428, 3),
(4505, 428, 4),
(6552, 428, 7),
(8599, 428, 8),
(10646, 428, 62),
(412, 429, 2),
(2459, 429, 3),
(4506, 429, 4),
(6553, 429, 7),
(8600, 429, 8),
(10647, 429, 62),
(413, 430, 2),
(2460, 430, 3),
(4507, 430, 4),
(6554, 430, 7),
(8601, 430, 8),
(10648, 430, 62),
(414, 431, 2),
(2461, 431, 3),
(4508, 431, 4),
(6555, 431, 7),
(8602, 431, 8),
(10649, 431, 62),
(415, 432, 2),
(2462, 432, 3),
(4509, 432, 4),
(6556, 432, 7),
(8603, 432, 8),
(10650, 432, 62),
(416, 433, 2),
(2463, 433, 3),
(4510, 433, 4),
(6557, 433, 7),
(8604, 433, 8),
(10651, 433, 62),
(417, 434, 2),
(2464, 434, 3),
(4511, 434, 4),
(6558, 434, 7),
(8605, 434, 8),
(10652, 434, 62),
(418, 435, 2),
(2465, 435, 3),
(4512, 435, 4),
(6559, 435, 7),
(8606, 435, 8),
(10653, 435, 62),
(419, 436, 2),
(2466, 436, 3),
(4513, 436, 4),
(6560, 436, 7),
(8607, 436, 8),
(10654, 436, 62),
(420, 437, 2),
(2467, 437, 3),
(4514, 437, 4),
(6561, 437, 7),
(8608, 437, 8),
(10655, 437, 62),
(421, 438, 2),
(2468, 438, 3),
(4515, 438, 4),
(6562, 438, 7),
(8609, 438, 8),
(10656, 438, 62),
(422, 439, 2),
(2469, 439, 3),
(4516, 439, 4),
(6563, 439, 7),
(8610, 439, 8),
(10657, 439, 62),
(423, 440, 2),
(2470, 440, 3),
(4517, 440, 4),
(6564, 440, 7),
(8611, 440, 8),
(10658, 440, 62),
(424, 441, 2),
(2471, 441, 3),
(4518, 441, 4),
(6565, 441, 7),
(8612, 441, 8),
(10659, 441, 62),
(425, 442, 2),
(2472, 442, 3),
(4519, 442, 4),
(6566, 442, 7),
(8613, 442, 8),
(10660, 442, 62),
(426, 443, 2),
(2473, 443, 3),
(4520, 443, 4),
(6567, 443, 7),
(8614, 443, 8),
(10661, 443, 62),
(427, 444, 2),
(2474, 444, 3),
(4521, 444, 4),
(6568, 444, 7),
(8615, 444, 8),
(10662, 444, 62),
(428, 445, 2),
(2475, 445, 3),
(4522, 445, 4),
(6569, 445, 7),
(8616, 445, 8),
(10663, 445, 62),
(429, 446, 2),
(2476, 446, 3),
(4523, 446, 4),
(6570, 446, 7),
(8617, 446, 8),
(10664, 446, 62),
(430, 447, 2),
(2477, 447, 3),
(4524, 447, 4),
(6571, 447, 7),
(8618, 447, 8),
(10665, 447, 62),
(431, 448, 2),
(2478, 448, 3),
(4525, 448, 4),
(6572, 448, 7),
(8619, 448, 8),
(10666, 448, 62),
(432, 449, 2),
(2479, 449, 3),
(4526, 449, 4),
(6573, 449, 7),
(8620, 449, 8),
(10667, 449, 62),
(433, 450, 2),
(2480, 450, 3),
(4527, 450, 4),
(6574, 450, 7),
(8621, 450, 8),
(10668, 450, 62),
(434, 451, 2),
(2481, 451, 3),
(4528, 451, 4),
(6575, 451, 7),
(8622, 451, 8),
(10669, 451, 62),
(435, 452, 2),
(2482, 452, 3),
(4529, 452, 4),
(6576, 452, 7),
(8623, 452, 8),
(10670, 452, 62),
(436, 453, 2),
(2483, 453, 3),
(4530, 453, 4),
(6577, 453, 7),
(8624, 453, 8),
(10671, 453, 62),
(437, 454, 2),
(2484, 454, 3),
(4531, 454, 4),
(6578, 454, 7),
(8625, 454, 8),
(10672, 454, 62),
(438, 455, 2),
(2485, 455, 3),
(4532, 455, 4),
(6579, 455, 7),
(8626, 455, 8),
(10673, 455, 62),
(439, 456, 2),
(2486, 456, 3),
(4533, 456, 4),
(6580, 456, 7),
(8627, 456, 8),
(10674, 456, 62),
(440, 457, 2),
(2487, 457, 3),
(4534, 457, 4),
(6581, 457, 7),
(8628, 457, 8),
(10675, 457, 62),
(441, 458, 2),
(2488, 458, 3),
(4535, 458, 4),
(6582, 458, 7),
(8629, 458, 8),
(10676, 458, 62),
(442, 459, 2),
(2489, 459, 3),
(4536, 459, 4),
(6583, 459, 7),
(8630, 459, 8),
(10677, 459, 62),
(443, 460, 2),
(2490, 460, 3),
(4537, 460, 4),
(6584, 460, 7),
(8631, 460, 8),
(10678, 460, 62),
(444, 461, 2),
(2491, 461, 3),
(4538, 461, 4),
(6585, 461, 7),
(8632, 461, 8),
(10679, 461, 62),
(445, 462, 2),
(2492, 462, 3),
(4539, 462, 4),
(6586, 462, 7),
(8633, 462, 8),
(10680, 462, 62),
(446, 463, 2),
(2493, 463, 3),
(4540, 463, 4),
(6587, 463, 7),
(8634, 463, 8),
(10681, 463, 62),
(447, 464, 2),
(2494, 464, 3),
(4541, 464, 4),
(6588, 464, 7),
(8635, 464, 8),
(10682, 464, 62),
(448, 465, 2),
(2495, 465, 3),
(4542, 465, 4),
(6589, 465, 7),
(8636, 465, 8),
(10683, 465, 62),
(449, 466, 2),
(2496, 466, 3),
(4543, 466, 4),
(6590, 466, 7),
(8637, 466, 8),
(10684, 466, 62),
(450, 467, 2),
(2497, 467, 3),
(4544, 467, 4),
(6591, 467, 7),
(8638, 467, 8),
(10685, 467, 62),
(451, 468, 2),
(2498, 468, 3),
(4545, 468, 4),
(6592, 468, 7),
(8639, 468, 8),
(10686, 468, 62),
(452, 469, 2),
(2499, 469, 3),
(4546, 469, 4),
(6593, 469, 7),
(8640, 469, 8),
(10687, 469, 62),
(453, 470, 2),
(2500, 470, 3),
(4547, 470, 4),
(6594, 470, 7),
(8641, 470, 8),
(10688, 470, 62),
(454, 471, 2),
(2501, 471, 3),
(4548, 471, 4),
(6595, 471, 7),
(8642, 471, 8),
(10689, 471, 62),
(455, 472, 2),
(2502, 472, 3),
(4549, 472, 4),
(6596, 472, 7),
(8643, 472, 8),
(10690, 472, 62),
(456, 473, 2),
(2503, 473, 3),
(4550, 473, 4),
(6597, 473, 7),
(8644, 473, 8),
(10691, 473, 62),
(457, 474, 2),
(2504, 474, 3),
(4551, 474, 4),
(6598, 474, 7),
(8645, 474, 8),
(10692, 474, 62),
(458, 475, 2),
(2505, 475, 3),
(4552, 475, 4),
(6599, 475, 7),
(8646, 475, 8),
(10693, 475, 62),
(459, 476, 2),
(2506, 476, 3),
(4553, 476, 4),
(6600, 476, 7),
(8647, 476, 8),
(10694, 476, 62),
(460, 477, 2),
(2507, 477, 3),
(4554, 477, 4),
(6601, 477, 7),
(8648, 477, 8),
(10695, 477, 62),
(461, 478, 2),
(2508, 478, 3),
(4555, 478, 4),
(6602, 478, 7),
(8649, 478, 8),
(10696, 478, 62),
(462, 479, 2),
(2509, 479, 3),
(4556, 479, 4),
(6603, 479, 7),
(8650, 479, 8),
(10697, 479, 62),
(463, 480, 2),
(2510, 480, 3),
(4557, 480, 4),
(6604, 480, 7),
(8651, 480, 8),
(10698, 480, 62),
(464, 481, 2),
(2511, 481, 3),
(4558, 481, 4),
(6605, 481, 7),
(8652, 481, 8),
(10699, 481, 62),
(465, 482, 2),
(2512, 482, 3),
(4559, 482, 4),
(6606, 482, 7),
(8653, 482, 8),
(10700, 482, 62),
(466, 483, 2),
(2513, 483, 3),
(4560, 483, 4),
(6607, 483, 7),
(8654, 483, 8),
(10701, 483, 62),
(467, 484, 2),
(2514, 484, 3),
(4561, 484, 4),
(6608, 484, 7),
(8655, 484, 8),
(10702, 484, 62),
(468, 485, 2),
(2515, 485, 3),
(4562, 485, 4),
(6609, 485, 7),
(8656, 485, 8),
(10703, 485, 62),
(469, 486, 2),
(2516, 486, 3),
(4563, 486, 4),
(6610, 486, 7),
(8657, 486, 8),
(10704, 486, 62),
(470, 487, 2),
(2517, 487, 3),
(4564, 487, 4),
(6611, 487, 7),
(8658, 487, 8),
(10705, 487, 62),
(471, 488, 2),
(2518, 488, 3),
(4565, 488, 4),
(6612, 488, 7),
(8659, 488, 8),
(10706, 488, 62),
(472, 489, 2),
(2519, 489, 3),
(4566, 489, 4),
(6613, 489, 7),
(8660, 489, 8),
(10707, 489, 62),
(473, 490, 2),
(2520, 490, 3),
(4567, 490, 4),
(6614, 490, 7),
(8661, 490, 8),
(10708, 490, 62),
(474, 491, 2),
(2521, 491, 3),
(4568, 491, 4),
(6615, 491, 7),
(8662, 491, 8),
(10709, 491, 62),
(475, 492, 2),
(2522, 492, 3),
(4569, 492, 4),
(6616, 492, 7),
(8663, 492, 8),
(10710, 492, 62),
(476, 493, 2),
(2523, 493, 3),
(4570, 493, 4),
(6617, 493, 7),
(8664, 493, 8),
(10711, 493, 62),
(477, 494, 2),
(2524, 494, 3),
(4571, 494, 4),
(6618, 494, 7),
(8665, 494, 8),
(10712, 494, 62),
(478, 495, 2),
(2525, 495, 3),
(4572, 495, 4),
(6619, 495, 7),
(8666, 495, 8),
(10713, 495, 62),
(479, 496, 2),
(2526, 496, 3),
(4573, 496, 4),
(6620, 496, 7),
(8667, 496, 8),
(10714, 496, 62),
(480, 497, 2),
(2527, 497, 3),
(4574, 497, 4),
(6621, 497, 7),
(8668, 497, 8),
(10715, 497, 62),
(481, 498, 2),
(2528, 498, 3),
(4575, 498, 4),
(6622, 498, 7),
(8669, 498, 8),
(10716, 498, 62),
(482, 499, 2),
(2529, 499, 3),
(4576, 499, 4),
(6623, 499, 7),
(8670, 499, 8),
(10717, 499, 62),
(483, 500, 2),
(2530, 500, 3),
(4577, 500, 4),
(6624, 500, 7),
(8671, 500, 8),
(10718, 500, 62),
(484, 501, 2),
(2531, 501, 3),
(4578, 501, 4),
(6625, 501, 7),
(8672, 501, 8),
(10719, 501, 62),
(485, 502, 2),
(2532, 502, 3),
(4579, 502, 4),
(6626, 502, 7),
(8673, 502, 8),
(10720, 502, 62),
(486, 503, 2),
(2533, 503, 3),
(4580, 503, 4),
(6627, 503, 7),
(8674, 503, 8),
(10721, 503, 62),
(487, 504, 2),
(2534, 504, 3),
(4581, 504, 4),
(6628, 504, 7),
(8675, 504, 8),
(10722, 504, 62),
(488, 505, 2),
(2535, 505, 3),
(4582, 505, 4),
(6629, 505, 7),
(8676, 505, 8),
(10723, 505, 62),
(489, 506, 2),
(2536, 506, 3),
(4583, 506, 4),
(6630, 506, 7),
(8677, 506, 8),
(10724, 506, 62),
(490, 507, 2),
(2537, 507, 3),
(4584, 507, 4),
(6631, 507, 7),
(8678, 507, 8),
(10725, 507, 62),
(491, 508, 2),
(2538, 508, 3),
(4585, 508, 4),
(6632, 508, 7),
(8679, 508, 8),
(10726, 508, 62),
(492, 509, 2),
(2539, 509, 3),
(4586, 509, 4),
(6633, 509, 7),
(8680, 509, 8),
(10727, 509, 62),
(493, 510, 2),
(2540, 510, 3),
(4587, 510, 4),
(6634, 510, 7),
(8681, 510, 8),
(10728, 510, 62),
(494, 511, 2),
(2541, 511, 3),
(4588, 511, 4),
(6635, 511, 7),
(8682, 511, 8),
(10729, 511, 62),
(495, 512, 2),
(2542, 512, 3),
(4589, 512, 4),
(6636, 512, 7),
(8683, 512, 8),
(10730, 512, 62),
(496, 513, 2),
(2543, 513, 3),
(4590, 513, 4),
(6637, 513, 7),
(8684, 513, 8),
(10731, 513, 62),
(497, 514, 2),
(2544, 514, 3),
(4591, 514, 4),
(6638, 514, 7),
(8685, 514, 8),
(10732, 514, 62),
(498, 515, 2),
(2545, 515, 3),
(4592, 515, 4),
(6639, 515, 7),
(8686, 515, 8),
(10733, 515, 62),
(499, 516, 2),
(2546, 516, 3),
(4593, 516, 4),
(6640, 516, 7),
(8687, 516, 8),
(10734, 516, 62),
(500, 517, 2),
(2547, 517, 3),
(4594, 517, 4),
(6641, 517, 7),
(8688, 517, 8),
(10735, 517, 62),
(501, 518, 2),
(2548, 518, 3),
(4595, 518, 4),
(6642, 518, 7),
(8689, 518, 8),
(10736, 518, 62),
(502, 519, 2),
(2549, 519, 3),
(4596, 519, 4),
(6643, 519, 7),
(8690, 519, 8),
(10737, 519, 62),
(503, 520, 2),
(2550, 520, 3),
(4597, 520, 4),
(6644, 520, 7),
(8691, 520, 8),
(10738, 520, 62),
(504, 521, 2),
(2551, 521, 3),
(4598, 521, 4),
(6645, 521, 7),
(8692, 521, 8),
(10739, 521, 62),
(505, 522, 2),
(2552, 522, 3),
(4599, 522, 4),
(6646, 522, 7),
(8693, 522, 8),
(10740, 522, 62),
(506, 523, 2),
(2553, 523, 3),
(4600, 523, 4),
(6647, 523, 7),
(8694, 523, 8),
(10741, 523, 62),
(507, 524, 2),
(2554, 524, 3),
(4601, 524, 4),
(6648, 524, 7),
(8695, 524, 8),
(10742, 524, 62),
(508, 525, 2),
(2555, 525, 3),
(4602, 525, 4),
(6649, 525, 7),
(8696, 525, 8),
(10743, 525, 62),
(509, 526, 2),
(2556, 526, 3),
(4603, 526, 4),
(6650, 526, 7),
(8697, 526, 8),
(10744, 526, 62),
(510, 527, 2),
(2557, 527, 3),
(4604, 527, 4),
(6651, 527, 7),
(8698, 527, 8),
(10745, 527, 62),
(511, 528, 2),
(2558, 528, 3),
(4605, 528, 4),
(6652, 528, 7),
(8699, 528, 8),
(10746, 528, 62),
(512, 529, 2),
(2559, 529, 3),
(4606, 529, 4),
(6653, 529, 7),
(8700, 529, 8),
(10747, 529, 62),
(513, 530, 2),
(2560, 530, 3),
(4607, 530, 4),
(6654, 530, 7),
(8701, 530, 8),
(12304, 530, 62),
(514, 531, 2),
(2561, 531, 3),
(4608, 531, 4),
(6655, 531, 7),
(8702, 531, 8),
(10749, 531, 62),
(515, 532, 2),
(2562, 532, 3),
(4609, 532, 4),
(6656, 532, 7),
(8703, 532, 8),
(10750, 532, 62),
(516, 533, 2),
(2563, 533, 3),
(4610, 533, 4),
(6657, 533, 7),
(8704, 533, 8),
(10751, 533, 62),
(517, 534, 2),
(2564, 534, 3),
(4611, 534, 4),
(6658, 534, 7),
(8705, 534, 8),
(10752, 534, 62),
(518, 535, 2),
(2565, 535, 3),
(4612, 535, 4),
(6659, 535, 7),
(8706, 535, 8),
(10753, 535, 62),
(519, 536, 2),
(2566, 536, 3),
(4613, 536, 4),
(6660, 536, 7),
(8707, 536, 8),
(10754, 536, 62),
(520, 537, 2),
(2567, 537, 3),
(4614, 537, 4),
(6661, 537, 7),
(8708, 537, 8),
(10755, 537, 62),
(521, 538, 2),
(2568, 538, 3),
(4615, 538, 4),
(6662, 538, 7),
(8709, 538, 8),
(10756, 538, 62),
(522, 539, 2),
(2569, 539, 3),
(4616, 539, 4),
(6663, 539, 7),
(8710, 539, 8),
(10757, 539, 62),
(523, 540, 2),
(2570, 540, 3),
(4617, 540, 4),
(6664, 540, 7),
(8711, 540, 8),
(10758, 540, 62),
(524, 541, 2),
(2571, 541, 3),
(4618, 541, 4),
(6665, 541, 7),
(8712, 541, 8),
(10759, 541, 62),
(525, 542, 2),
(2572, 542, 3),
(4619, 542, 4),
(6666, 542, 7),
(8713, 542, 8),
(10760, 542, 62),
(526, 543, 2),
(2573, 543, 3),
(4620, 543, 4),
(6667, 543, 7),
(8714, 543, 8),
(10761, 543, 62),
(527, 544, 2),
(2574, 544, 3),
(4621, 544, 4),
(6668, 544, 7),
(8715, 544, 8),
(10762, 544, 62),
(528, 545, 2),
(2575, 545, 3),
(4622, 545, 4),
(6669, 545, 7),
(8716, 545, 8),
(10763, 545, 62),
(529, 546, 2),
(2576, 546, 3),
(4623, 546, 4),
(6670, 546, 7),
(8717, 546, 8),
(10764, 546, 62),
(530, 547, 2),
(2577, 547, 3),
(4624, 547, 4),
(6671, 547, 7),
(8718, 547, 8),
(10765, 547, 62),
(531, 548, 2),
(2578, 548, 3),
(4625, 548, 4),
(6672, 548, 7),
(8719, 548, 8),
(10766, 548, 62),
(532, 549, 2),
(2579, 549, 3),
(4626, 549, 4),
(6673, 549, 7),
(8720, 549, 8),
(10767, 549, 62),
(533, 550, 2),
(2580, 550, 3),
(4627, 550, 4),
(6674, 550, 7),
(8721, 550, 8),
(10768, 550, 62),
(534, 551, 2),
(2581, 551, 3),
(4628, 551, 4),
(6675, 551, 7),
(8722, 551, 8),
(10769, 551, 62),
(535, 552, 2),
(2582, 552, 3),
(4629, 552, 4),
(6676, 552, 7),
(8723, 552, 8),
(10770, 552, 62),
(536, 553, 2),
(2583, 553, 3),
(4630, 553, 4),
(6677, 553, 7),
(8724, 553, 8),
(10771, 553, 62),
(537, 554, 2),
(2584, 554, 3),
(4631, 554, 4),
(6678, 554, 7),
(8725, 554, 8),
(10772, 554, 62),
(538, 555, 2),
(2585, 555, 3),
(4632, 555, 4),
(6679, 555, 7),
(8726, 555, 8),
(10773, 555, 62),
(539, 556, 2),
(2586, 556, 3),
(4633, 556, 4),
(6680, 556, 7),
(8727, 556, 8),
(10774, 556, 62),
(540, 557, 2),
(2587, 557, 3),
(4634, 557, 4),
(6681, 557, 7),
(8728, 557, 8),
(10775, 557, 62),
(541, 558, 2),
(2588, 558, 3),
(4635, 558, 4),
(6682, 558, 7),
(8729, 558, 8),
(10776, 558, 62),
(542, 559, 2),
(2589, 559, 3),
(4636, 559, 4),
(6683, 559, 7),
(8730, 559, 8),
(10777, 559, 62),
(543, 560, 2),
(2590, 560, 3),
(4637, 560, 4),
(6684, 560, 7),
(8731, 560, 8),
(10778, 560, 62),
(544, 561, 2),
(2591, 561, 3),
(4638, 561, 4),
(6685, 561, 7),
(8732, 561, 8),
(10779, 561, 62),
(545, 562, 2),
(2592, 562, 3),
(4639, 562, 4),
(6686, 562, 7),
(8733, 562, 8),
(10780, 562, 62),
(546, 563, 2),
(2593, 563, 3),
(4640, 563, 4),
(6687, 563, 7),
(8734, 563, 8),
(10781, 563, 62),
(547, 564, 2),
(2594, 564, 3),
(4641, 564, 4),
(6688, 564, 7),
(8735, 564, 8),
(10782, 564, 62),
(548, 565, 2),
(2595, 565, 3),
(4642, 565, 4),
(6689, 565, 7),
(8736, 565, 8),
(10783, 565, 62),
(549, 566, 2),
(2596, 566, 3),
(4643, 566, 4),
(6690, 566, 7),
(8737, 566, 8),
(10784, 566, 62),
(550, 567, 2),
(2597, 567, 3),
(4644, 567, 4),
(6691, 567, 7),
(8738, 567, 8),
(10785, 567, 62),
(551, 568, 2),
(2598, 568, 3),
(4645, 568, 4),
(6692, 568, 7),
(8739, 568, 8),
(10786, 568, 62),
(552, 569, 2),
(2599, 569, 3),
(4646, 569, 4),
(6693, 569, 7),
(8740, 569, 8),
(10787, 569, 62),
(553, 570, 2),
(2600, 570, 3),
(4647, 570, 4),
(6694, 570, 7),
(8741, 570, 8),
(10788, 570, 62),
(554, 571, 2),
(2601, 571, 3),
(4648, 571, 4),
(6695, 571, 7),
(8742, 571, 8),
(10789, 571, 62),
(555, 572, 2),
(2602, 572, 3),
(4649, 572, 4),
(6696, 572, 7),
(8743, 572, 8),
(10790, 572, 62),
(556, 573, 2),
(2603, 573, 3),
(4650, 573, 4),
(6697, 573, 7),
(8744, 573, 8),
(10791, 573, 62),
(557, 574, 2),
(2604, 574, 3),
(4651, 574, 4),
(6698, 574, 7),
(8745, 574, 8),
(10792, 574, 62),
(558, 575, 2),
(2605, 575, 3),
(4652, 575, 4),
(6699, 575, 7),
(8746, 575, 8),
(10793, 575, 62),
(559, 576, 2),
(2606, 576, 3),
(4653, 576, 4),
(6700, 576, 7),
(8747, 576, 8),
(10794, 576, 62),
(560, 577, 2),
(2607, 577, 3),
(4654, 577, 4),
(6701, 577, 7),
(8748, 577, 8),
(10795, 577, 62),
(561, 578, 2),
(2608, 578, 3),
(4655, 578, 4),
(6702, 578, 7),
(8749, 578, 8),
(10796, 578, 62),
(562, 579, 2),
(2609, 579, 3),
(4656, 579, 4),
(6703, 579, 7),
(8750, 579, 8),
(10797, 579, 62),
(563, 580, 2),
(2610, 580, 3),
(4657, 580, 4),
(6704, 580, 7),
(8751, 580, 8),
(10798, 580, 62),
(564, 581, 2),
(2611, 581, 3),
(4658, 581, 4),
(6705, 581, 7),
(8752, 581, 8),
(10799, 581, 62),
(565, 582, 2),
(2612, 582, 3),
(4659, 582, 4),
(6706, 582, 7),
(8753, 582, 8),
(10800, 582, 62),
(566, 583, 2),
(2613, 583, 3),
(4660, 583, 4),
(6707, 583, 7),
(8754, 583, 8),
(10801, 583, 62),
(567, 584, 2),
(2614, 584, 3),
(4661, 584, 4),
(6708, 584, 7),
(8755, 584, 8),
(10802, 584, 62),
(568, 585, 2),
(2615, 585, 3),
(4662, 585, 4),
(6709, 585, 7),
(8756, 585, 8),
(10803, 585, 62),
(569, 586, 2),
(2616, 586, 3),
(4663, 586, 4),
(6710, 586, 7),
(8757, 586, 8),
(10804, 586, 62),
(570, 587, 2),
(2617, 587, 3),
(4664, 587, 4),
(6711, 587, 7),
(8758, 587, 8),
(10805, 587, 62),
(571, 588, 2),
(2618, 588, 3),
(4665, 588, 4),
(6712, 588, 7),
(8759, 588, 8),
(10806, 588, 62),
(572, 589, 2),
(2619, 589, 3),
(4666, 589, 4),
(6713, 589, 7),
(8760, 589, 8),
(10807, 589, 62),
(573, 590, 2),
(2620, 590, 3),
(4667, 590, 4),
(6714, 590, 7),
(8761, 590, 8),
(10808, 590, 62),
(574, 591, 2),
(2621, 591, 3),
(4668, 591, 4),
(6715, 591, 7),
(8762, 591, 8),
(10809, 591, 62),
(575, 592, 2),
(2622, 592, 3),
(4669, 592, 4),
(6716, 592, 7),
(8763, 592, 8),
(10810, 592, 62),
(576, 593, 2),
(2623, 593, 3),
(4670, 593, 4),
(6717, 593, 7),
(8764, 593, 8),
(10811, 593, 62),
(577, 594, 2),
(2624, 594, 3),
(4671, 594, 4),
(6718, 594, 7),
(8765, 594, 8),
(10812, 594, 62),
(578, 595, 2),
(2625, 595, 3),
(4672, 595, 4),
(6719, 595, 7),
(8766, 595, 8),
(10813, 595, 62),
(579, 596, 2),
(2626, 596, 3),
(4673, 596, 4),
(6720, 596, 7),
(8767, 596, 8),
(10814, 596, 62),
(580, 597, 2),
(2627, 597, 3),
(4674, 597, 4),
(6721, 597, 7),
(8768, 597, 8),
(10815, 597, 62),
(581, 598, 2),
(2628, 598, 3),
(4675, 598, 4),
(6722, 598, 7),
(8769, 598, 8),
(10816, 598, 62),
(582, 599, 2),
(2629, 599, 3),
(4676, 599, 4),
(6723, 599, 7),
(8770, 599, 8),
(10817, 599, 62),
(583, 600, 2),
(2630, 600, 3),
(4677, 600, 4),
(6724, 600, 7),
(8771, 600, 8),
(10818, 600, 62),
(584, 601, 2),
(2631, 601, 3),
(4678, 601, 4),
(6725, 601, 7),
(8772, 601, 8),
(10819, 601, 62),
(585, 602, 2),
(2632, 602, 3),
(4679, 602, 4),
(6726, 602, 7),
(8773, 602, 8),
(10820, 602, 62),
(586, 603, 2),
(2633, 603, 3),
(4680, 603, 4),
(6727, 603, 7),
(8774, 603, 8),
(10821, 603, 62),
(587, 604, 2),
(2634, 604, 3),
(4681, 604, 4),
(6728, 604, 7),
(8775, 604, 8),
(10822, 604, 62),
(588, 605, 2),
(2635, 605, 3),
(4682, 605, 4),
(6729, 605, 7),
(8776, 605, 8),
(10823, 605, 62),
(589, 606, 2),
(2636, 606, 3),
(4683, 606, 4),
(6730, 606, 7),
(8777, 606, 8),
(10824, 606, 62),
(590, 607, 2),
(2637, 607, 3),
(4684, 607, 4),
(6731, 607, 7),
(8778, 607, 8),
(10825, 607, 62),
(591, 608, 2),
(2638, 608, 3),
(4685, 608, 4),
(6732, 608, 7),
(8779, 608, 8),
(10826, 608, 62),
(592, 609, 2),
(2639, 609, 3),
(4686, 609, 4),
(6733, 609, 7),
(8780, 609, 8),
(10827, 609, 62),
(593, 610, 2),
(2640, 610, 3),
(4687, 610, 4),
(6734, 610, 7),
(8781, 610, 8),
(10828, 610, 62),
(594, 611, 2),
(2641, 611, 3),
(4688, 611, 4),
(6735, 611, 7),
(8782, 611, 8),
(10829, 611, 62),
(595, 612, 2),
(2642, 612, 3),
(4689, 612, 4),
(6736, 612, 7),
(8783, 612, 8),
(10830, 612, 62),
(596, 613, 2),
(2643, 613, 3),
(4690, 613, 4);
INSERT INTO `grupo_modulos` (`id`, `grupo_id`, `modulo_id`) VALUES
(6737, 613, 7),
(8784, 613, 8),
(10831, 613, 62),
(597, 614, 2),
(2644, 614, 3),
(4691, 614, 4),
(6738, 614, 7),
(8785, 614, 8),
(10832, 614, 62),
(598, 615, 2),
(2645, 615, 3),
(4692, 615, 4),
(6739, 615, 7),
(8786, 615, 8),
(10833, 615, 62),
(599, 616, 2),
(2646, 616, 3),
(4693, 616, 4),
(6740, 616, 7),
(8787, 616, 8),
(10834, 616, 62),
(600, 617, 2),
(2647, 617, 3),
(4694, 617, 4),
(6741, 617, 7),
(8788, 617, 8),
(10835, 617, 62),
(601, 618, 2),
(2648, 618, 3),
(4695, 618, 4),
(6742, 618, 7),
(8789, 618, 8),
(10836, 618, 62),
(602, 619, 2),
(2649, 619, 3),
(4696, 619, 4),
(6743, 619, 7),
(8790, 619, 8),
(10837, 619, 62),
(603, 620, 2),
(2650, 620, 3),
(4697, 620, 4),
(6744, 620, 7),
(8791, 620, 8),
(10838, 620, 62),
(604, 621, 2),
(2651, 621, 3),
(4698, 621, 4),
(6745, 621, 7),
(8792, 621, 8),
(10839, 621, 62),
(605, 622, 2),
(2652, 622, 3),
(4699, 622, 4),
(6746, 622, 7),
(8793, 622, 8),
(10840, 622, 62),
(606, 623, 2),
(2653, 623, 3),
(4700, 623, 4),
(6747, 623, 7),
(8794, 623, 8),
(10841, 623, 62),
(607, 624, 2),
(2654, 624, 3),
(4701, 624, 4),
(6748, 624, 7),
(8795, 624, 8),
(10842, 624, 62),
(608, 625, 2),
(2655, 625, 3),
(4702, 625, 4),
(6749, 625, 7),
(8796, 625, 8),
(10843, 625, 62),
(609, 626, 2),
(2656, 626, 3),
(4703, 626, 4),
(6750, 626, 7),
(8797, 626, 8),
(10844, 626, 62),
(610, 627, 2),
(2657, 627, 3),
(4704, 627, 4),
(6751, 627, 7),
(8798, 627, 8),
(10845, 627, 62),
(611, 628, 2),
(2658, 628, 3),
(4705, 628, 4),
(6752, 628, 7),
(8799, 628, 8),
(10846, 628, 62),
(612, 629, 2),
(2659, 629, 3),
(4706, 629, 4),
(6753, 629, 7),
(8800, 629, 8),
(10847, 629, 62),
(613, 630, 2),
(2660, 630, 3),
(4707, 630, 4),
(6754, 630, 7),
(8801, 630, 8),
(10848, 630, 62),
(614, 631, 2),
(2661, 631, 3),
(4708, 631, 4),
(6755, 631, 7),
(8802, 631, 8),
(10849, 631, 62),
(615, 632, 2),
(2662, 632, 3),
(4709, 632, 4),
(6756, 632, 7),
(8803, 632, 8),
(10850, 632, 62),
(616, 633, 2),
(2663, 633, 3),
(4710, 633, 4),
(6757, 633, 7),
(8804, 633, 8),
(10851, 633, 62),
(617, 634, 2),
(2664, 634, 3),
(4711, 634, 4),
(6758, 634, 7),
(8805, 634, 8),
(10852, 634, 62),
(618, 635, 2),
(2665, 635, 3),
(4712, 635, 4),
(6759, 635, 7),
(8806, 635, 8),
(10853, 635, 62),
(619, 636, 2),
(2666, 636, 3),
(4713, 636, 4),
(6760, 636, 7),
(8807, 636, 8),
(10854, 636, 62),
(620, 637, 2),
(2667, 637, 3),
(4714, 637, 4),
(6761, 637, 7),
(8808, 637, 8),
(10855, 637, 62),
(621, 639, 2),
(2668, 639, 3),
(4715, 639, 4),
(6762, 639, 7),
(8809, 639, 8),
(10856, 639, 62),
(622, 641, 2),
(2669, 641, 3),
(4716, 641, 4),
(6763, 641, 7),
(8810, 641, 8),
(10857, 641, 62),
(623, 643, 2),
(2670, 643, 3),
(4717, 643, 4),
(6764, 643, 7),
(8811, 643, 8),
(10858, 643, 62),
(624, 644, 2),
(2671, 644, 3),
(4718, 644, 4),
(6765, 644, 7),
(8812, 644, 8),
(10859, 644, 62),
(625, 645, 2),
(2672, 645, 3),
(4719, 645, 4),
(6766, 645, 7),
(8813, 645, 8),
(10860, 645, 62),
(626, 646, 2),
(2673, 646, 3),
(4720, 646, 4),
(6767, 646, 7),
(8814, 646, 8),
(10861, 646, 62),
(627, 647, 2),
(2674, 647, 3),
(4721, 647, 4),
(6768, 647, 7),
(8815, 647, 8),
(10862, 647, 62),
(628, 648, 2),
(2675, 648, 3),
(4722, 648, 4),
(6769, 648, 7),
(8816, 648, 8),
(10863, 648, 62),
(629, 649, 2),
(2676, 649, 3),
(4723, 649, 4),
(6770, 649, 7),
(8817, 649, 8),
(10864, 649, 62),
(630, 650, 2),
(2677, 650, 3),
(4724, 650, 4),
(6771, 650, 7),
(8818, 650, 8),
(10865, 650, 62),
(631, 651, 2),
(2678, 651, 3),
(4725, 651, 4),
(6772, 651, 7),
(8819, 651, 8),
(10866, 651, 62),
(632, 652, 2),
(2679, 652, 3),
(4726, 652, 4),
(6773, 652, 7),
(8820, 652, 8),
(10867, 652, 62),
(633, 653, 2),
(2680, 653, 3),
(4727, 653, 4),
(6774, 653, 7),
(8821, 653, 8),
(10868, 653, 62),
(634, 654, 2),
(2681, 654, 3),
(4728, 654, 4),
(6775, 654, 7),
(8822, 654, 8),
(10869, 654, 62),
(635, 655, 2),
(2682, 655, 3),
(4729, 655, 4),
(6776, 655, 7),
(8823, 655, 8),
(10870, 655, 62),
(636, 656, 2),
(2683, 656, 3),
(4730, 656, 4),
(6777, 656, 7),
(8824, 656, 8),
(10871, 656, 62),
(637, 657, 2),
(2684, 657, 3),
(4731, 657, 4),
(6778, 657, 7),
(8825, 657, 8),
(10872, 657, 62),
(638, 658, 2),
(2685, 658, 3),
(4732, 658, 4),
(6779, 658, 7),
(8826, 658, 8),
(10873, 658, 62),
(639, 660, 2),
(2686, 660, 3),
(4733, 660, 4),
(6780, 660, 7),
(8827, 660, 8),
(10874, 660, 62),
(640, 661, 2),
(2687, 661, 3),
(4734, 661, 4),
(6781, 661, 7),
(8828, 661, 8),
(10875, 661, 62),
(641, 662, 2),
(2688, 662, 3),
(4735, 662, 4),
(6782, 662, 7),
(8829, 662, 8),
(10876, 662, 62),
(642, 663, 2),
(2689, 663, 3),
(4736, 663, 4),
(6783, 663, 7),
(8830, 663, 8),
(10877, 663, 62),
(643, 664, 2),
(2690, 664, 3),
(4737, 664, 4),
(6784, 664, 7),
(8831, 664, 8),
(10878, 664, 62),
(644, 665, 2),
(2691, 665, 3),
(4738, 665, 4),
(6785, 665, 7),
(8832, 665, 8),
(10879, 665, 62),
(645, 666, 2),
(2692, 666, 3),
(4739, 666, 4),
(6786, 666, 7),
(8833, 666, 8),
(10880, 666, 62),
(646, 667, 2),
(2693, 667, 3),
(4740, 667, 4),
(6787, 667, 7),
(8834, 667, 8),
(10881, 667, 62),
(647, 668, 2),
(2694, 668, 3),
(4741, 668, 4),
(6788, 668, 7),
(8835, 668, 8),
(10882, 668, 62),
(648, 669, 2),
(2695, 669, 3),
(4742, 669, 4),
(6789, 669, 7),
(8836, 669, 8),
(10883, 669, 62),
(649, 670, 2),
(2696, 670, 3),
(4743, 670, 4),
(6790, 670, 7),
(8837, 670, 8),
(10884, 670, 62),
(650, 671, 2),
(2697, 671, 3),
(4744, 671, 4),
(6791, 671, 7),
(8838, 671, 8),
(10885, 671, 62),
(651, 672, 2),
(2698, 672, 3),
(4745, 672, 4),
(6792, 672, 7),
(8839, 672, 8),
(10886, 672, 62),
(652, 673, 2),
(2699, 673, 3),
(4746, 673, 4),
(6793, 673, 7),
(8840, 673, 8),
(10887, 673, 62),
(653, 674, 2),
(2700, 674, 3),
(4747, 674, 4),
(6794, 674, 7),
(8841, 674, 8),
(10888, 674, 62),
(654, 675, 2),
(2701, 675, 3),
(4748, 675, 4),
(6795, 675, 7),
(8842, 675, 8),
(10889, 675, 62),
(655, 676, 2),
(2702, 676, 3),
(4749, 676, 4),
(6796, 676, 7),
(8843, 676, 8),
(10890, 676, 62),
(656, 677, 2),
(2703, 677, 3),
(4750, 677, 4),
(6797, 677, 7),
(8844, 677, 8),
(10891, 677, 62),
(657, 678, 2),
(2704, 678, 3),
(4751, 678, 4),
(6798, 678, 7),
(8845, 678, 8),
(10892, 678, 62),
(658, 679, 2),
(2705, 679, 3),
(4752, 679, 4),
(6799, 679, 7),
(8846, 679, 8),
(10893, 679, 62),
(659, 680, 2),
(2706, 680, 3),
(4753, 680, 4),
(6800, 680, 7),
(8847, 680, 8),
(10894, 680, 62),
(660, 681, 2),
(2707, 681, 3),
(4754, 681, 4),
(6801, 681, 7),
(8848, 681, 8),
(10895, 681, 62),
(661, 682, 2),
(2708, 682, 3),
(4755, 682, 4),
(6802, 682, 7),
(8849, 682, 8),
(10896, 682, 62),
(662, 683, 2),
(2709, 683, 3),
(4756, 683, 4),
(6803, 683, 7),
(8850, 683, 8),
(10897, 683, 62),
(663, 684, 2),
(2710, 684, 3),
(4757, 684, 4),
(6804, 684, 7),
(8851, 684, 8),
(10898, 684, 62),
(664, 685, 2),
(2711, 685, 3),
(4758, 685, 4),
(6805, 685, 7),
(8852, 685, 8),
(10899, 685, 62),
(665, 686, 2),
(2712, 686, 3),
(4759, 686, 4),
(6806, 686, 7),
(8853, 686, 8),
(10900, 686, 62),
(666, 687, 2),
(2713, 687, 3),
(4760, 687, 4),
(6807, 687, 7),
(8854, 687, 8),
(10901, 687, 62),
(667, 688, 2),
(2714, 688, 3),
(4761, 688, 4),
(6808, 688, 7),
(8855, 688, 8),
(10902, 688, 62),
(668, 689, 2),
(2715, 689, 3),
(4762, 689, 4),
(6809, 689, 7),
(8856, 689, 8),
(10903, 689, 62),
(669, 690, 2),
(2716, 690, 3),
(4763, 690, 4),
(6810, 690, 7),
(8857, 690, 8),
(10904, 690, 62),
(670, 691, 2),
(2717, 691, 3),
(4764, 691, 4),
(6811, 691, 7),
(8858, 691, 8),
(10905, 691, 62),
(671, 692, 2),
(2718, 692, 3),
(4765, 692, 4),
(6812, 692, 7),
(8859, 692, 8),
(10906, 692, 62),
(672, 693, 2),
(2719, 693, 3),
(4766, 693, 4),
(6813, 693, 7),
(8860, 693, 8),
(10907, 693, 62),
(673, 694, 2),
(2720, 694, 3),
(4767, 694, 4),
(6814, 694, 7),
(8861, 694, 8),
(10908, 694, 62),
(674, 695, 2),
(2721, 695, 3),
(4768, 695, 4),
(6815, 695, 7),
(8862, 695, 8),
(10909, 695, 62),
(675, 696, 2),
(2722, 696, 3),
(4769, 696, 4),
(6816, 696, 7),
(8863, 696, 8),
(10910, 696, 62),
(676, 697, 2),
(2723, 697, 3),
(4770, 697, 4),
(6817, 697, 7),
(8864, 697, 8),
(10911, 697, 62),
(677, 698, 2),
(2724, 698, 3),
(4771, 698, 4),
(6818, 698, 7),
(8865, 698, 8),
(10912, 698, 62),
(678, 699, 2),
(2725, 699, 3),
(4772, 699, 4),
(6819, 699, 7),
(8866, 699, 8),
(10913, 699, 62),
(679, 700, 2),
(2726, 700, 3),
(4773, 700, 4),
(6820, 700, 7),
(8867, 700, 8),
(10914, 700, 62),
(680, 701, 2),
(2727, 701, 3),
(4774, 701, 4),
(6821, 701, 7),
(8868, 701, 8),
(10915, 701, 62),
(681, 702, 2),
(2728, 702, 3),
(4775, 702, 4),
(6822, 702, 7),
(8869, 702, 8),
(10916, 702, 62),
(682, 703, 2),
(2729, 703, 3),
(4776, 703, 4),
(6823, 703, 7),
(8870, 703, 8),
(10917, 703, 62),
(683, 704, 2),
(2730, 704, 3),
(4777, 704, 4),
(6824, 704, 7),
(8871, 704, 8),
(10918, 704, 62),
(684, 705, 2),
(2731, 705, 3),
(4778, 705, 4),
(6825, 705, 7),
(8872, 705, 8),
(10919, 705, 62),
(685, 706, 2),
(2732, 706, 3),
(4779, 706, 4),
(6826, 706, 7),
(8873, 706, 8),
(10920, 706, 62),
(686, 707, 2),
(2733, 707, 3),
(4780, 707, 4),
(6827, 707, 7),
(8874, 707, 8),
(10921, 707, 62),
(687, 708, 2),
(2734, 708, 3),
(4781, 708, 4),
(6828, 708, 7),
(8875, 708, 8),
(10922, 708, 62),
(688, 709, 2),
(2735, 709, 3),
(4782, 709, 4),
(6829, 709, 7),
(8876, 709, 8),
(10923, 709, 62),
(689, 710, 2),
(2736, 710, 3),
(4783, 710, 4),
(6830, 710, 7),
(8877, 710, 8),
(10924, 710, 62),
(690, 711, 2),
(2737, 711, 3),
(4784, 711, 4),
(6831, 711, 7),
(8878, 711, 8),
(10925, 711, 62),
(691, 712, 2),
(2738, 712, 3),
(4785, 712, 4),
(6832, 712, 7),
(8879, 712, 8),
(10926, 712, 62),
(692, 713, 2),
(2739, 713, 3),
(4786, 713, 4),
(6833, 713, 7),
(8880, 713, 8),
(10927, 713, 62),
(693, 714, 2),
(2740, 714, 3),
(4787, 714, 4),
(6834, 714, 7),
(8881, 714, 8),
(10928, 714, 62),
(694, 715, 2),
(2741, 715, 3),
(4788, 715, 4),
(6835, 715, 7),
(8882, 715, 8),
(10929, 715, 62),
(695, 716, 2),
(2742, 716, 3),
(4789, 716, 4),
(6836, 716, 7),
(8883, 716, 8),
(10930, 716, 62),
(696, 717, 2),
(2743, 717, 3),
(4790, 717, 4),
(6837, 717, 7),
(8884, 717, 8),
(10931, 717, 62),
(697, 719, 2),
(2744, 719, 3),
(4791, 719, 4),
(6838, 719, 7),
(8885, 719, 8),
(10932, 719, 62),
(698, 720, 2),
(2745, 720, 3),
(4792, 720, 4),
(6839, 720, 7),
(8886, 720, 8),
(10933, 720, 62),
(699, 721, 2),
(2746, 721, 3),
(4793, 721, 4),
(6840, 721, 7),
(8887, 721, 8),
(10934, 721, 62),
(700, 722, 2),
(2747, 722, 3),
(4794, 722, 4),
(6841, 722, 7),
(8888, 722, 8),
(10935, 722, 62),
(701, 723, 2),
(2748, 723, 3),
(4795, 723, 4),
(6842, 723, 7),
(8889, 723, 8),
(10936, 723, 62),
(702, 724, 2),
(2749, 724, 3),
(4796, 724, 4),
(6843, 724, 7),
(8890, 724, 8),
(10937, 724, 62),
(703, 725, 2),
(2750, 725, 3),
(4797, 725, 4),
(6844, 725, 7),
(8891, 725, 8),
(10938, 725, 62),
(704, 726, 2),
(2751, 726, 3),
(4798, 726, 4),
(6845, 726, 7),
(8892, 726, 8),
(10939, 726, 62),
(705, 727, 2),
(2752, 727, 3),
(4799, 727, 4),
(6846, 727, 7),
(8893, 727, 8),
(10940, 727, 62),
(706, 728, 2),
(2753, 728, 3),
(4800, 728, 4),
(6847, 728, 7),
(8894, 728, 8),
(10941, 728, 62),
(707, 729, 2),
(2754, 729, 3),
(4801, 729, 4),
(6848, 729, 7),
(8895, 729, 8),
(10942, 729, 62),
(708, 730, 2),
(2755, 730, 3),
(4802, 730, 4),
(6849, 730, 7),
(8896, 730, 8),
(10943, 730, 62),
(709, 731, 2),
(2756, 731, 3),
(4803, 731, 4),
(6850, 731, 7),
(8897, 731, 8),
(10944, 731, 62),
(710, 732, 2),
(2757, 732, 3),
(4804, 732, 4),
(6851, 732, 7),
(8898, 732, 8),
(10945, 732, 62),
(711, 733, 2),
(2758, 733, 3),
(4805, 733, 4),
(6852, 733, 7),
(8899, 733, 8),
(10946, 733, 62),
(712, 734, 2),
(2759, 734, 3),
(4806, 734, 4),
(6853, 734, 7),
(8900, 734, 8),
(10947, 734, 62),
(713, 735, 2),
(2760, 735, 3),
(4807, 735, 4),
(6854, 735, 7),
(8901, 735, 8),
(10948, 735, 62),
(714, 736, 2),
(2761, 736, 3),
(4808, 736, 4),
(6855, 736, 7),
(8902, 736, 8),
(10949, 736, 62),
(715, 737, 2),
(2762, 737, 3),
(4809, 737, 4),
(6856, 737, 7),
(8903, 737, 8),
(10950, 737, 62),
(716, 738, 2),
(2763, 738, 3),
(4810, 738, 4),
(6857, 738, 7),
(8904, 738, 8),
(10951, 738, 62),
(717, 739, 2),
(2764, 739, 3),
(4811, 739, 4),
(6858, 739, 7),
(8905, 739, 8),
(10952, 739, 62),
(718, 740, 2),
(2765, 740, 3),
(4812, 740, 4),
(6859, 740, 7),
(8906, 740, 8),
(10953, 740, 62),
(719, 741, 2),
(2766, 741, 3),
(4813, 741, 4),
(6860, 741, 7),
(8907, 741, 8),
(10954, 741, 62),
(720, 742, 2),
(2767, 742, 3),
(4814, 742, 4),
(6861, 742, 7),
(8908, 742, 8),
(10955, 742, 62),
(721, 743, 2),
(2768, 743, 3),
(4815, 743, 4),
(6862, 743, 7),
(8909, 743, 8),
(10956, 743, 62),
(722, 744, 2),
(2769, 744, 3),
(4816, 744, 4),
(6863, 744, 7),
(8910, 744, 8),
(10957, 744, 62),
(723, 745, 2),
(2770, 745, 3),
(4817, 745, 4),
(6864, 745, 7),
(8911, 745, 8),
(10958, 745, 62),
(724, 746, 2),
(2771, 746, 3),
(4818, 746, 4),
(6865, 746, 7),
(8912, 746, 8),
(10959, 746, 62),
(725, 747, 2),
(2772, 747, 3),
(4819, 747, 4),
(6866, 747, 7),
(8913, 747, 8),
(10960, 747, 62),
(726, 748, 2),
(2773, 748, 3),
(4820, 748, 4),
(6867, 748, 7),
(8914, 748, 8),
(10961, 748, 62),
(727, 749, 2),
(2774, 749, 3),
(4821, 749, 4),
(6868, 749, 7),
(8915, 749, 8),
(10962, 749, 62),
(728, 750, 2),
(2775, 750, 3),
(4822, 750, 4),
(6869, 750, 7),
(8916, 750, 8),
(10963, 750, 62),
(729, 751, 2),
(2776, 751, 3),
(4823, 751, 4),
(6870, 751, 7),
(8917, 751, 8),
(10964, 751, 62),
(730, 752, 2),
(2777, 752, 3),
(4824, 752, 4),
(6871, 752, 7),
(8918, 752, 8),
(10965, 752, 62),
(731, 753, 2),
(2778, 753, 3),
(4825, 753, 4),
(6872, 753, 7),
(8919, 753, 8),
(10966, 753, 62),
(732, 754, 2),
(2779, 754, 3),
(4826, 754, 4),
(6873, 754, 7),
(8920, 754, 8),
(10967, 754, 62),
(733, 755, 2),
(2780, 755, 3),
(4827, 755, 4),
(6874, 755, 7),
(8921, 755, 8),
(10968, 755, 62),
(734, 756, 2),
(2781, 756, 3),
(4828, 756, 4),
(6875, 756, 7),
(8922, 756, 8),
(10969, 756, 62),
(735, 757, 2),
(2782, 757, 3),
(4829, 757, 4),
(6876, 757, 7),
(8923, 757, 8),
(10970, 757, 62),
(736, 758, 2),
(2783, 758, 3),
(4830, 758, 4),
(6877, 758, 7),
(8924, 758, 8),
(10971, 758, 62),
(737, 759, 2),
(2784, 759, 3),
(4831, 759, 4),
(6878, 759, 7),
(8925, 759, 8),
(10972, 759, 62),
(738, 760, 2),
(2785, 760, 3),
(4832, 760, 4),
(6879, 760, 7),
(8926, 760, 8),
(10973, 760, 62),
(739, 762, 2),
(2786, 762, 3),
(4833, 762, 4),
(6880, 762, 7),
(8927, 762, 8),
(10974, 762, 62),
(740, 763, 2),
(2787, 763, 3),
(4834, 763, 4),
(6881, 763, 7),
(8928, 763, 8),
(10975, 763, 62),
(741, 764, 2),
(2788, 764, 3),
(4835, 764, 4),
(6882, 764, 7),
(8929, 764, 8),
(10976, 764, 62),
(742, 765, 2),
(2789, 765, 3),
(4836, 765, 4),
(6883, 765, 7),
(8930, 765, 8),
(10977, 765, 62),
(743, 766, 2),
(2790, 766, 3),
(4837, 766, 4),
(6884, 766, 7),
(8931, 766, 8),
(10978, 766, 62),
(744, 767, 2),
(2791, 767, 3),
(4838, 767, 4),
(6885, 767, 7),
(8932, 767, 8),
(10979, 767, 62),
(745, 768, 2),
(2792, 768, 3),
(4839, 768, 4),
(6886, 768, 7),
(8933, 768, 8),
(10980, 768, 62),
(746, 769, 2),
(2793, 769, 3),
(4840, 769, 4),
(6887, 769, 7),
(8934, 769, 8),
(10981, 769, 62),
(747, 770, 2),
(2794, 770, 3),
(4841, 770, 4),
(6888, 770, 7),
(8935, 770, 8),
(10982, 770, 62),
(748, 771, 2),
(2795, 771, 3),
(4842, 771, 4),
(6889, 771, 7),
(8936, 771, 8),
(10983, 771, 62),
(749, 772, 2),
(2796, 772, 3),
(4843, 772, 4),
(6890, 772, 7),
(8937, 772, 8),
(10984, 772, 62),
(750, 773, 2),
(2797, 773, 3),
(4844, 773, 4),
(6891, 773, 7),
(8938, 773, 8),
(10985, 773, 62),
(751, 774, 2),
(2798, 774, 3),
(4845, 774, 4),
(6892, 774, 7),
(8939, 774, 8),
(10986, 774, 62),
(752, 775, 2),
(2799, 775, 3),
(4846, 775, 4),
(6893, 775, 7),
(8940, 775, 8),
(10987, 775, 62),
(753, 776, 2),
(2800, 776, 3),
(4847, 776, 4),
(6894, 776, 7),
(8941, 776, 8),
(10988, 776, 62),
(754, 777, 2),
(2801, 777, 3),
(4848, 777, 4),
(6895, 777, 7),
(8942, 777, 8),
(10989, 777, 62),
(755, 778, 2),
(2802, 778, 3),
(4849, 778, 4),
(6896, 778, 7),
(8943, 778, 8),
(10990, 778, 62),
(756, 779, 2),
(2803, 779, 3),
(4850, 779, 4),
(6897, 779, 7),
(8944, 779, 8),
(10991, 779, 62),
(757, 780, 2),
(2804, 780, 3),
(4851, 780, 4),
(6898, 780, 7),
(8945, 780, 8),
(10992, 780, 62),
(758, 781, 2),
(2805, 781, 3),
(4852, 781, 4),
(6899, 781, 7),
(8946, 781, 8),
(10993, 781, 62),
(759, 782, 2),
(2806, 782, 3),
(4853, 782, 4),
(6900, 782, 7),
(8947, 782, 8),
(10994, 782, 62),
(760, 783, 2),
(2807, 783, 3),
(4854, 783, 4),
(6901, 783, 7),
(8948, 783, 8),
(10995, 783, 62),
(761, 784, 2),
(2808, 784, 3),
(4855, 784, 4),
(6902, 784, 7),
(8949, 784, 8),
(10996, 784, 62),
(762, 785, 2),
(2809, 785, 3),
(4856, 785, 4),
(6903, 785, 7),
(8950, 785, 8),
(10997, 785, 62),
(763, 786, 2),
(2810, 786, 3),
(4857, 786, 4),
(6904, 786, 7),
(8951, 786, 8),
(10998, 786, 62),
(764, 787, 2),
(2811, 787, 3),
(4858, 787, 4),
(6905, 787, 7),
(8952, 787, 8),
(10999, 787, 62),
(765, 788, 2),
(2812, 788, 3),
(4859, 788, 4),
(6906, 788, 7),
(8953, 788, 8),
(11000, 788, 62),
(766, 789, 2),
(2813, 789, 3),
(4860, 789, 4),
(6907, 789, 7),
(8954, 789, 8),
(11001, 789, 62),
(767, 790, 2),
(2814, 790, 3),
(4861, 790, 4),
(6908, 790, 7),
(8955, 790, 8),
(11002, 790, 62),
(768, 791, 2),
(2815, 791, 3),
(4862, 791, 4),
(6909, 791, 7),
(8956, 791, 8),
(11003, 791, 62),
(769, 792, 2),
(2816, 792, 3),
(4863, 792, 4),
(6910, 792, 7),
(8957, 792, 8),
(11004, 792, 62),
(770, 793, 2),
(2817, 793, 3),
(4864, 793, 4),
(6911, 793, 7),
(8958, 793, 8),
(11005, 793, 62),
(771, 794, 2),
(2818, 794, 3),
(4865, 794, 4),
(6912, 794, 7),
(8959, 794, 8),
(11006, 794, 62),
(772, 795, 2),
(2819, 795, 3),
(4866, 795, 4),
(6913, 795, 7),
(8960, 795, 8),
(11007, 795, 62),
(773, 796, 2),
(2820, 796, 3),
(4867, 796, 4),
(6914, 796, 7),
(8961, 796, 8),
(11008, 796, 62),
(774, 797, 2),
(2821, 797, 3),
(4868, 797, 4),
(6915, 797, 7),
(8962, 797, 8),
(11009, 797, 62),
(775, 799, 2),
(2822, 799, 3),
(4869, 799, 4),
(6916, 799, 7),
(8963, 799, 8),
(11010, 799, 62),
(776, 800, 2),
(2823, 800, 3),
(4870, 800, 4),
(6917, 800, 7),
(8964, 800, 8),
(11011, 800, 62),
(777, 801, 2),
(2824, 801, 3),
(4871, 801, 4),
(6918, 801, 7),
(8965, 801, 8),
(11012, 801, 62),
(778, 802, 2),
(2825, 802, 3),
(4872, 802, 4),
(6919, 802, 7),
(8966, 802, 8),
(11013, 802, 62),
(779, 803, 2),
(2826, 803, 3),
(4873, 803, 4),
(6920, 803, 7),
(8967, 803, 8),
(11014, 803, 62),
(780, 804, 2),
(2827, 804, 3),
(4874, 804, 4),
(6921, 804, 7),
(8968, 804, 8),
(11015, 804, 62),
(781, 805, 2),
(2828, 805, 3),
(4875, 805, 4),
(6922, 805, 7),
(8969, 805, 8),
(11016, 805, 62),
(782, 806, 2),
(2829, 806, 3),
(4876, 806, 4),
(6923, 806, 7),
(8970, 806, 8),
(11017, 806, 62),
(783, 807, 2),
(2830, 807, 3),
(4877, 807, 4),
(6924, 807, 7),
(8971, 807, 8),
(11018, 807, 62),
(784, 808, 2),
(2831, 808, 3),
(4878, 808, 4),
(6925, 808, 7),
(8972, 808, 8),
(11019, 808, 62),
(785, 809, 2),
(2832, 809, 3),
(4879, 809, 4),
(6926, 809, 7),
(8973, 809, 8),
(11020, 809, 62),
(786, 810, 2),
(2833, 810, 3),
(4880, 810, 4),
(6927, 810, 7),
(8974, 810, 8),
(11021, 810, 62),
(787, 811, 2),
(2834, 811, 3),
(4881, 811, 4),
(6928, 811, 7),
(8975, 811, 8),
(11022, 811, 62),
(788, 812, 2),
(2835, 812, 3),
(4882, 812, 4),
(6929, 812, 7),
(8976, 812, 8),
(11023, 812, 62),
(789, 813, 2),
(2836, 813, 3),
(4883, 813, 4),
(6930, 813, 7),
(8977, 813, 8),
(11024, 813, 62),
(790, 814, 2),
(2837, 814, 3),
(4884, 814, 4),
(6931, 814, 7),
(8978, 814, 8),
(11025, 814, 62),
(791, 815, 2),
(2838, 815, 3),
(4885, 815, 4),
(6932, 815, 7),
(8979, 815, 8),
(11026, 815, 62),
(792, 816, 2),
(2839, 816, 3),
(4886, 816, 4),
(6933, 816, 7),
(8980, 816, 8),
(11027, 816, 62),
(793, 817, 2),
(2840, 817, 3),
(4887, 817, 4),
(6934, 817, 7),
(8981, 817, 8),
(11028, 817, 62),
(794, 818, 2),
(2841, 818, 3),
(4888, 818, 4),
(6935, 818, 7),
(8982, 818, 8),
(11029, 818, 62),
(795, 819, 2),
(2842, 819, 3),
(4889, 819, 4),
(6936, 819, 7),
(8983, 819, 8),
(11030, 819, 62),
(796, 820, 2),
(2843, 820, 3),
(4890, 820, 4),
(6937, 820, 7),
(8984, 820, 8),
(11031, 820, 62),
(797, 821, 2),
(2844, 821, 3),
(4891, 821, 4),
(6938, 821, 7),
(8985, 821, 8),
(11032, 821, 62),
(798, 822, 2),
(2845, 822, 3),
(4892, 822, 4),
(6939, 822, 7),
(8986, 822, 8),
(11033, 822, 62),
(799, 823, 2),
(2846, 823, 3),
(4893, 823, 4),
(6940, 823, 7),
(8987, 823, 8),
(11034, 823, 62),
(800, 824, 2),
(2847, 824, 3),
(4894, 824, 4),
(6941, 824, 7),
(8988, 824, 8),
(11035, 824, 62),
(801, 825, 2),
(2848, 825, 3),
(4895, 825, 4),
(6942, 825, 7),
(8989, 825, 8),
(11036, 825, 62),
(802, 826, 2),
(2849, 826, 3),
(4896, 826, 4),
(6943, 826, 7),
(8990, 826, 8),
(11037, 826, 62),
(803, 827, 2),
(2850, 827, 3),
(4897, 827, 4),
(6944, 827, 7),
(8991, 827, 8),
(11038, 827, 62),
(804, 828, 2),
(2851, 828, 3),
(4898, 828, 4),
(6945, 828, 7),
(8992, 828, 8),
(11039, 828, 62),
(805, 829, 2),
(2852, 829, 3),
(4899, 829, 4),
(6946, 829, 7),
(8993, 829, 8),
(11040, 829, 62),
(806, 830, 2),
(2853, 830, 3),
(4900, 830, 4),
(6947, 830, 7),
(8994, 830, 8),
(11041, 830, 62),
(807, 831, 2),
(2854, 831, 3),
(4901, 831, 4),
(6948, 831, 7),
(8995, 831, 8),
(11042, 831, 62),
(808, 832, 2),
(2855, 832, 3),
(4902, 832, 4),
(6949, 832, 7),
(8996, 832, 8),
(11043, 832, 62),
(809, 833, 2),
(2856, 833, 3),
(4903, 833, 4),
(6950, 833, 7),
(8997, 833, 8),
(11044, 833, 62),
(810, 834, 2),
(2857, 834, 3),
(4904, 834, 4),
(6951, 834, 7),
(8998, 834, 8),
(11045, 834, 62),
(811, 835, 2),
(2858, 835, 3),
(4905, 835, 4),
(6952, 835, 7),
(8999, 835, 8),
(11046, 835, 62),
(812, 836, 2),
(2859, 836, 3),
(4906, 836, 4),
(6953, 836, 7),
(9000, 836, 8),
(11047, 836, 62),
(813, 837, 2),
(2860, 837, 3),
(4907, 837, 4),
(6954, 837, 7),
(9001, 837, 8),
(11048, 837, 62),
(814, 838, 2),
(2861, 838, 3),
(4908, 838, 4),
(6955, 838, 7),
(9002, 838, 8),
(11049, 838, 62),
(815, 839, 2),
(2862, 839, 3),
(4909, 839, 4),
(6956, 839, 7),
(9003, 839, 8),
(11050, 839, 62),
(816, 840, 2),
(2863, 840, 3),
(4910, 840, 4),
(6957, 840, 7),
(9004, 840, 8),
(11051, 840, 62),
(817, 841, 2),
(2864, 841, 3),
(4911, 841, 4),
(6958, 841, 7),
(9005, 841, 8),
(11052, 841, 62),
(818, 842, 2),
(2865, 842, 3),
(4912, 842, 4),
(6959, 842, 7),
(9006, 842, 8),
(11053, 842, 62),
(819, 843, 2),
(2866, 843, 3),
(4913, 843, 4),
(6960, 843, 7),
(9007, 843, 8),
(11054, 843, 62),
(820, 844, 2),
(2867, 844, 3),
(4914, 844, 4),
(6961, 844, 7),
(9008, 844, 8),
(11055, 844, 62),
(821, 845, 2),
(2868, 845, 3),
(4915, 845, 4),
(6962, 845, 7),
(9009, 845, 8),
(11056, 845, 62),
(822, 846, 2),
(2869, 846, 3),
(4916, 846, 4),
(6963, 846, 7),
(9010, 846, 8),
(11057, 846, 62),
(823, 847, 2),
(2870, 847, 3),
(4917, 847, 4),
(6964, 847, 7),
(9011, 847, 8),
(11058, 847, 62),
(824, 848, 2),
(2871, 848, 3),
(4918, 848, 4),
(6965, 848, 7),
(9012, 848, 8),
(11059, 848, 62),
(825, 849, 2),
(2872, 849, 3),
(4919, 849, 4),
(6966, 849, 7),
(9013, 849, 8),
(11060, 849, 62),
(826, 850, 2),
(2873, 850, 3),
(4920, 850, 4),
(6967, 850, 7),
(9014, 850, 8),
(11061, 850, 62),
(827, 851, 2),
(2874, 851, 3),
(4921, 851, 4),
(6968, 851, 7),
(9015, 851, 8),
(11062, 851, 62),
(828, 852, 2),
(2875, 852, 3),
(4922, 852, 4),
(6969, 852, 7),
(9016, 852, 8),
(11063, 852, 62),
(829, 853, 2),
(2876, 853, 3),
(4923, 853, 4),
(6970, 853, 7),
(9017, 853, 8),
(11064, 853, 62),
(830, 854, 2),
(2877, 854, 3),
(4924, 854, 4),
(6971, 854, 7),
(9018, 854, 8),
(11065, 854, 62),
(831, 855, 2),
(2878, 855, 3),
(4925, 855, 4),
(6972, 855, 7),
(9019, 855, 8),
(11066, 855, 62),
(832, 856, 2),
(2879, 856, 3),
(4926, 856, 4),
(6973, 856, 7),
(9020, 856, 8),
(11067, 856, 62),
(833, 857, 2),
(2880, 857, 3),
(4927, 857, 4),
(6974, 857, 7),
(9021, 857, 8),
(11068, 857, 62),
(834, 858, 2),
(2881, 858, 3),
(4928, 858, 4),
(6975, 858, 7),
(9022, 858, 8),
(11069, 858, 62),
(835, 859, 2),
(2882, 859, 3),
(4929, 859, 4),
(6976, 859, 7),
(9023, 859, 8),
(11070, 859, 62),
(836, 860, 2),
(2883, 860, 3),
(4930, 860, 4),
(6977, 860, 7),
(9024, 860, 8),
(11071, 860, 62),
(837, 861, 2),
(2884, 861, 3),
(4931, 861, 4),
(6978, 861, 7),
(9025, 861, 8),
(11072, 861, 62),
(838, 862, 2),
(2885, 862, 3),
(4932, 862, 4),
(6979, 862, 7),
(9026, 862, 8),
(11073, 862, 62),
(839, 863, 2),
(2886, 863, 3),
(4933, 863, 4),
(6980, 863, 7),
(9027, 863, 8),
(11074, 863, 62),
(840, 864, 2),
(2887, 864, 3),
(4934, 864, 4),
(6981, 864, 7),
(9028, 864, 8),
(11075, 864, 62),
(841, 865, 2),
(2888, 865, 3),
(4935, 865, 4),
(6982, 865, 7),
(9029, 865, 8),
(11076, 865, 62),
(842, 866, 2),
(2889, 866, 3),
(4936, 866, 4),
(6983, 866, 7),
(9030, 866, 8),
(11077, 866, 62),
(843, 867, 2),
(2890, 867, 3),
(4937, 867, 4),
(6984, 867, 7),
(9031, 867, 8),
(11078, 867, 62),
(844, 868, 2),
(2891, 868, 3),
(4938, 868, 4),
(6985, 868, 7),
(9032, 868, 8),
(11079, 868, 62),
(845, 869, 2),
(2892, 869, 3),
(4939, 869, 4),
(6986, 869, 7),
(9033, 869, 8),
(11080, 869, 62),
(846, 870, 2),
(2893, 870, 3),
(4940, 870, 4),
(6987, 870, 7),
(9034, 870, 8),
(11081, 870, 62),
(847, 871, 2),
(2894, 871, 3),
(4941, 871, 4),
(6988, 871, 7),
(9035, 871, 8),
(11082, 871, 62),
(848, 872, 2),
(2895, 872, 3),
(4942, 872, 4),
(6989, 872, 7),
(9036, 872, 8),
(11083, 872, 62),
(849, 873, 2),
(2896, 873, 3),
(4943, 873, 4),
(6990, 873, 7),
(9037, 873, 8),
(11084, 873, 62),
(850, 874, 2),
(2897, 874, 3),
(4944, 874, 4),
(6991, 874, 7),
(9038, 874, 8),
(11085, 874, 62),
(851, 875, 2),
(2898, 875, 3),
(4945, 875, 4),
(6992, 875, 7),
(9039, 875, 8),
(11086, 875, 62),
(852, 876, 2),
(2899, 876, 3),
(4946, 876, 4),
(6993, 876, 7),
(9040, 876, 8),
(11087, 876, 62),
(853, 877, 2),
(2900, 877, 3),
(4947, 877, 4),
(6994, 877, 7),
(9041, 877, 8),
(11088, 877, 62),
(854, 878, 2),
(2901, 878, 3),
(4948, 878, 4),
(6995, 878, 7),
(9042, 878, 8),
(11089, 878, 62),
(855, 879, 2),
(2902, 879, 3),
(4949, 879, 4),
(6996, 879, 7),
(9043, 879, 8),
(11090, 879, 62),
(856, 880, 2),
(2903, 880, 3),
(4950, 880, 4),
(6997, 880, 7),
(9044, 880, 8),
(11091, 880, 62),
(857, 881, 2),
(2904, 881, 3),
(4951, 881, 4),
(6998, 881, 7),
(9045, 881, 8),
(11092, 881, 62),
(858, 882, 2),
(2905, 882, 3),
(4952, 882, 4),
(6999, 882, 7),
(9046, 882, 8),
(11093, 882, 62),
(859, 883, 2),
(2906, 883, 3),
(4953, 883, 4),
(7000, 883, 7),
(9047, 883, 8),
(11094, 883, 62),
(860, 884, 2),
(2907, 884, 3),
(4954, 884, 4),
(7001, 884, 7),
(9048, 884, 8),
(11095, 884, 62),
(861, 885, 2),
(2908, 885, 3),
(4955, 885, 4),
(7002, 885, 7),
(9049, 885, 8),
(11096, 885, 62),
(862, 886, 2),
(2909, 886, 3),
(4956, 886, 4),
(7003, 886, 7),
(9050, 886, 8),
(11097, 886, 62),
(863, 887, 2),
(2910, 887, 3),
(4957, 887, 4),
(7004, 887, 7),
(9051, 887, 8),
(11098, 887, 62),
(864, 888, 2),
(2911, 888, 3),
(4958, 888, 4),
(7005, 888, 7),
(9052, 888, 8),
(11099, 888, 62),
(865, 889, 2),
(2912, 889, 3),
(4959, 889, 4),
(7006, 889, 7),
(9053, 889, 8),
(11100, 889, 62),
(866, 890, 2),
(2913, 890, 3),
(4960, 890, 4),
(7007, 890, 7),
(9054, 890, 8),
(11101, 890, 62),
(867, 891, 2),
(2914, 891, 3),
(4961, 891, 4),
(7008, 891, 7),
(9055, 891, 8),
(11102, 891, 62),
(868, 892, 2),
(2915, 892, 3),
(4962, 892, 4),
(7009, 892, 7),
(9056, 892, 8),
(11103, 892, 62),
(869, 893, 2),
(2916, 893, 3),
(4963, 893, 4),
(7010, 893, 7),
(9057, 893, 8),
(11104, 893, 62),
(870, 894, 2),
(2917, 894, 3),
(4964, 894, 4),
(7011, 894, 7),
(9058, 894, 8),
(11105, 894, 62),
(871, 895, 2),
(2918, 895, 3),
(4965, 895, 4),
(7012, 895, 7),
(9059, 895, 8),
(11106, 895, 62),
(872, 896, 2),
(2919, 896, 3),
(4966, 896, 4),
(7013, 896, 7),
(9060, 896, 8),
(11107, 896, 62),
(873, 897, 2),
(2920, 897, 3),
(4967, 897, 4),
(7014, 897, 7),
(9061, 897, 8),
(11108, 897, 62),
(874, 898, 2),
(2921, 898, 3),
(4968, 898, 4),
(7015, 898, 7),
(9062, 898, 8),
(11109, 898, 62),
(875, 899, 2),
(2922, 899, 3),
(4969, 899, 4),
(7016, 899, 7),
(9063, 899, 8),
(11110, 899, 62),
(876, 900, 2),
(2923, 900, 3),
(4970, 900, 4),
(7017, 900, 7),
(9064, 900, 8),
(11111, 900, 62),
(877, 901, 2),
(2924, 901, 3),
(4971, 901, 4),
(7018, 901, 7),
(9065, 901, 8),
(11112, 901, 62),
(878, 902, 2),
(2925, 902, 3),
(4972, 902, 4),
(7019, 902, 7),
(9066, 902, 8),
(11113, 902, 62),
(879, 903, 2),
(2926, 903, 3),
(4973, 903, 4),
(7020, 903, 7),
(9067, 903, 8),
(11114, 903, 62),
(880, 904, 2),
(2927, 904, 3),
(4974, 904, 4),
(7021, 904, 7),
(9068, 904, 8),
(11115, 904, 62),
(881, 905, 2),
(2928, 905, 3),
(4975, 905, 4),
(7022, 905, 7),
(9069, 905, 8),
(11116, 905, 62),
(882, 906, 2),
(2929, 906, 3),
(4976, 906, 4),
(7023, 906, 7),
(9070, 906, 8),
(11117, 906, 62),
(883, 907, 2),
(2930, 907, 3),
(4977, 907, 4),
(7024, 907, 7),
(9071, 907, 8),
(11118, 907, 62),
(884, 908, 2),
(2931, 908, 3),
(4978, 908, 4),
(7025, 908, 7),
(9072, 908, 8),
(11119, 908, 62),
(885, 909, 2),
(2932, 909, 3),
(4979, 909, 4),
(7026, 909, 7),
(9073, 909, 8),
(11120, 909, 62),
(886, 910, 2),
(2933, 910, 3),
(4980, 910, 4),
(7027, 910, 7),
(9074, 910, 8),
(11121, 910, 62),
(887, 911, 2),
(2934, 911, 3),
(4981, 911, 4),
(7028, 911, 7),
(9075, 911, 8),
(11122, 911, 62),
(888, 912, 2),
(2935, 912, 3),
(4982, 912, 4),
(7029, 912, 7),
(9076, 912, 8),
(11123, 912, 62),
(889, 913, 2),
(2936, 913, 3),
(4983, 913, 4),
(7030, 913, 7),
(9077, 913, 8),
(11124, 913, 62),
(890, 914, 2),
(2937, 914, 3),
(4984, 914, 4),
(7031, 914, 7),
(9078, 914, 8),
(11125, 914, 62),
(891, 915, 2),
(2938, 915, 3),
(4985, 915, 4),
(7032, 915, 7),
(9079, 915, 8),
(11126, 915, 62),
(892, 917, 2),
(2939, 917, 3),
(4986, 917, 4),
(7033, 917, 7),
(9080, 917, 8),
(11127, 917, 62),
(893, 918, 2),
(2940, 918, 3),
(4987, 918, 4),
(7034, 918, 7),
(9081, 918, 8),
(11128, 918, 62),
(894, 919, 2),
(2941, 919, 3),
(4988, 919, 4),
(7035, 919, 7),
(9082, 919, 8),
(11129, 919, 62),
(895, 920, 2),
(2942, 920, 3),
(4989, 920, 4),
(7036, 920, 7),
(9083, 920, 8),
(11130, 920, 62),
(896, 921, 2),
(2943, 921, 3),
(4990, 921, 4),
(7037, 921, 7),
(9084, 921, 8),
(11131, 921, 62),
(897, 922, 2),
(2944, 922, 3),
(4991, 922, 4),
(7038, 922, 7),
(9085, 922, 8),
(11132, 922, 62),
(898, 923, 2),
(2945, 923, 3),
(4992, 923, 4),
(7039, 923, 7),
(9086, 923, 8),
(11133, 923, 62),
(899, 924, 2),
(2946, 924, 3),
(4993, 924, 4),
(7040, 924, 7),
(9087, 924, 8),
(11134, 924, 62),
(900, 925, 2),
(2947, 925, 3),
(4994, 925, 4),
(7041, 925, 7),
(9088, 925, 8),
(11135, 925, 62),
(901, 926, 2),
(2948, 926, 3),
(4995, 926, 4),
(7042, 926, 7),
(9089, 926, 8),
(11136, 926, 62),
(902, 927, 2),
(2949, 927, 3),
(4996, 927, 4),
(7043, 927, 7),
(9090, 927, 8),
(11137, 927, 62),
(903, 928, 2),
(2950, 928, 3),
(4997, 928, 4),
(7044, 928, 7),
(9091, 928, 8),
(11138, 928, 62),
(904, 929, 2),
(2951, 929, 3),
(4998, 929, 4),
(7045, 929, 7),
(9092, 929, 8),
(11139, 929, 62),
(905, 930, 2),
(2952, 930, 3),
(4999, 930, 4),
(7046, 930, 7),
(9093, 930, 8),
(11140, 930, 62),
(906, 932, 2),
(2953, 932, 3),
(5000, 932, 4),
(7047, 932, 7),
(9094, 932, 8),
(11141, 932, 62),
(907, 933, 2),
(2954, 933, 3),
(5001, 933, 4),
(7048, 933, 7),
(9095, 933, 8),
(11142, 933, 62),
(908, 934, 2),
(2955, 934, 3),
(5002, 934, 4),
(7049, 934, 7),
(9096, 934, 8),
(11143, 934, 62),
(909, 935, 2),
(2956, 935, 3),
(5003, 935, 4),
(7050, 935, 7),
(9097, 935, 8),
(11144, 935, 62),
(910, 936, 2),
(2957, 936, 3),
(5004, 936, 4),
(7051, 936, 7),
(9098, 936, 8),
(11145, 936, 62),
(911, 937, 2),
(2958, 937, 3),
(5005, 937, 4),
(7052, 937, 7),
(9099, 937, 8),
(11146, 937, 62),
(912, 938, 2),
(2959, 938, 3),
(5006, 938, 4),
(7053, 938, 7),
(9100, 938, 8),
(11147, 938, 62),
(913, 939, 2),
(2960, 939, 3),
(5007, 939, 4),
(7054, 939, 7),
(9101, 939, 8),
(11148, 939, 62),
(914, 940, 2),
(2961, 940, 3),
(5008, 940, 4),
(7055, 940, 7),
(9102, 940, 8),
(11149, 940, 62),
(915, 941, 2),
(2962, 941, 3),
(5009, 941, 4),
(7056, 941, 7),
(9103, 941, 8),
(11150, 941, 62),
(916, 942, 2),
(2963, 942, 3),
(5010, 942, 4),
(7057, 942, 7),
(9104, 942, 8),
(11151, 942, 62),
(917, 943, 2),
(2964, 943, 3),
(5011, 943, 4),
(7058, 943, 7),
(9105, 943, 8),
(11152, 943, 62),
(918, 944, 2),
(2965, 944, 3),
(5012, 944, 4),
(7059, 944, 7),
(9106, 944, 8),
(11153, 944, 62),
(919, 945, 2),
(2966, 945, 3),
(5013, 945, 4),
(7060, 945, 7),
(9107, 945, 8),
(11154, 945, 62),
(920, 946, 2),
(2967, 946, 3),
(5014, 946, 4),
(7061, 946, 7),
(9108, 946, 8),
(11155, 946, 62),
(921, 947, 2),
(2968, 947, 3),
(5015, 947, 4),
(7062, 947, 7),
(9109, 947, 8),
(11156, 947, 62),
(922, 948, 2),
(2969, 948, 3),
(5016, 948, 4),
(7063, 948, 7),
(9110, 948, 8),
(11157, 948, 62),
(923, 949, 2),
(2970, 949, 3),
(5017, 949, 4),
(7064, 949, 7),
(9111, 949, 8),
(11158, 949, 62),
(924, 950, 2),
(2971, 950, 3),
(5018, 950, 4),
(7065, 950, 7),
(9112, 950, 8),
(11159, 950, 62),
(925, 951, 2),
(2972, 951, 3),
(5019, 951, 4),
(7066, 951, 7),
(9113, 951, 8),
(11160, 951, 62),
(926, 952, 2),
(2973, 952, 3),
(5020, 952, 4),
(7067, 952, 7),
(9114, 952, 8),
(11161, 952, 62),
(927, 953, 2),
(2974, 953, 3),
(5021, 953, 4),
(7068, 953, 7),
(9115, 953, 8),
(11162, 953, 62),
(928, 954, 2),
(2975, 954, 3),
(5022, 954, 4),
(7069, 954, 7),
(9116, 954, 8),
(11163, 954, 62),
(929, 955, 2),
(2976, 955, 3),
(5023, 955, 4),
(7070, 955, 7),
(9117, 955, 8),
(11164, 955, 62),
(930, 956, 2),
(2977, 956, 3),
(5024, 956, 4),
(7071, 956, 7),
(9118, 956, 8),
(11165, 956, 62),
(931, 957, 2),
(2978, 957, 3),
(5025, 957, 4),
(7072, 957, 7),
(9119, 957, 8),
(11166, 957, 62),
(932, 958, 2),
(2979, 958, 3),
(5026, 958, 4),
(7073, 958, 7),
(9120, 958, 8),
(11167, 958, 62),
(933, 959, 2),
(2980, 959, 3),
(5027, 959, 4),
(7074, 959, 7),
(9121, 959, 8),
(11168, 959, 62),
(934, 960, 2),
(2981, 960, 3),
(5028, 960, 4),
(7075, 960, 7),
(9122, 960, 8),
(11169, 960, 62),
(935, 961, 2),
(2982, 961, 3),
(5029, 961, 4),
(7076, 961, 7),
(9123, 961, 8),
(11170, 961, 62),
(936, 962, 2),
(2983, 962, 3),
(5030, 962, 4),
(7077, 962, 7),
(9124, 962, 8),
(11171, 962, 62),
(937, 963, 2),
(2984, 963, 3),
(5031, 963, 4),
(7078, 963, 7),
(9125, 963, 8),
(11172, 963, 62),
(938, 964, 2),
(2985, 964, 3),
(5032, 964, 4),
(7079, 964, 7),
(9126, 964, 8),
(11173, 964, 62),
(939, 965, 2),
(2986, 965, 3),
(5033, 965, 4),
(7080, 965, 7),
(9127, 965, 8),
(11174, 965, 62),
(940, 966, 2),
(2987, 966, 3),
(5034, 966, 4),
(7081, 966, 7),
(9128, 966, 8),
(11175, 966, 62),
(941, 967, 2),
(2988, 967, 3),
(5035, 967, 4),
(7082, 967, 7),
(9129, 967, 8),
(11176, 967, 62),
(942, 969, 2),
(2989, 969, 3),
(5036, 969, 4),
(7083, 969, 7),
(9130, 969, 8),
(11177, 969, 62),
(943, 970, 2),
(2990, 970, 3),
(5037, 970, 4),
(7084, 970, 7),
(9131, 970, 8),
(11178, 970, 62),
(944, 971, 2),
(2991, 971, 3),
(5038, 971, 4),
(7085, 971, 7),
(9132, 971, 8),
(11179, 971, 62),
(945, 972, 2),
(2992, 972, 3),
(5039, 972, 4),
(7086, 972, 7),
(9133, 972, 8),
(11180, 972, 62),
(946, 973, 2),
(2993, 973, 3),
(5040, 973, 4),
(7087, 973, 7),
(9134, 973, 8),
(11181, 973, 62),
(947, 974, 2),
(2994, 974, 3),
(5041, 974, 4),
(7088, 974, 7),
(9135, 974, 8),
(11182, 974, 62),
(948, 975, 2),
(2995, 975, 3),
(5042, 975, 4),
(7089, 975, 7),
(9136, 975, 8),
(11183, 975, 62),
(949, 976, 2),
(2996, 976, 3),
(5043, 976, 4),
(7090, 976, 7),
(9137, 976, 8),
(11184, 976, 62),
(950, 977, 2),
(2997, 977, 3),
(5044, 977, 4),
(7091, 977, 7),
(9138, 977, 8),
(11185, 977, 62),
(951, 978, 2),
(2998, 978, 3),
(5045, 978, 4),
(7092, 978, 7),
(9139, 978, 8),
(11186, 978, 62),
(952, 979, 2),
(2999, 979, 3),
(5046, 979, 4),
(7093, 979, 7),
(9140, 979, 8),
(11187, 979, 62),
(953, 980, 2),
(3000, 980, 3),
(5047, 980, 4),
(7094, 980, 7),
(9141, 980, 8),
(11188, 980, 62),
(954, 981, 2),
(3001, 981, 3),
(5048, 981, 4),
(7095, 981, 7),
(9142, 981, 8),
(11189, 981, 62),
(955, 982, 2),
(3002, 982, 3),
(5049, 982, 4),
(7096, 982, 7),
(9143, 982, 8),
(11190, 982, 62),
(956, 983, 2),
(3003, 983, 3),
(5050, 983, 4),
(7097, 983, 7),
(9144, 983, 8),
(11191, 983, 62),
(957, 984, 2),
(3004, 984, 3),
(5051, 984, 4),
(7098, 984, 7),
(9145, 984, 8),
(11192, 984, 62),
(958, 985, 2),
(3005, 985, 3),
(5052, 985, 4),
(7099, 985, 7),
(9146, 985, 8),
(11193, 985, 62),
(959, 986, 2),
(3006, 986, 3),
(5053, 986, 4),
(7100, 986, 7),
(9147, 986, 8),
(11194, 986, 62),
(960, 987, 2),
(3007, 987, 3),
(5054, 987, 4),
(7101, 987, 7),
(9148, 987, 8),
(11195, 987, 62),
(961, 988, 2),
(3008, 988, 3),
(5055, 988, 4),
(7102, 988, 7),
(9149, 988, 8),
(11196, 988, 62),
(962, 989, 2),
(3009, 989, 3),
(5056, 989, 4),
(7103, 989, 7),
(9150, 989, 8),
(11197, 989, 62),
(963, 990, 2),
(3010, 990, 3),
(5057, 990, 4),
(7104, 990, 7),
(9151, 990, 8),
(11198, 990, 62),
(964, 991, 2),
(3011, 991, 3),
(5058, 991, 4),
(7105, 991, 7),
(9152, 991, 8),
(11199, 991, 62),
(965, 992, 2),
(3012, 992, 3),
(5059, 992, 4),
(7106, 992, 7),
(9153, 992, 8),
(11200, 992, 62),
(966, 993, 2),
(3013, 993, 3),
(5060, 993, 4),
(7107, 993, 7),
(9154, 993, 8),
(11201, 993, 62),
(967, 994, 2),
(3014, 994, 3),
(5061, 994, 4),
(7108, 994, 7),
(9155, 994, 8),
(11202, 994, 62),
(968, 995, 2),
(3015, 995, 3),
(5062, 995, 4),
(7109, 995, 7),
(9156, 995, 8),
(11203, 995, 62),
(969, 996, 2),
(3016, 996, 3),
(5063, 996, 4),
(7110, 996, 7),
(9157, 996, 8),
(11204, 996, 62),
(970, 997, 2),
(3017, 997, 3),
(5064, 997, 4),
(7111, 997, 7),
(9158, 997, 8),
(11205, 997, 62),
(971, 998, 2),
(3018, 998, 3),
(5065, 998, 4),
(7112, 998, 7),
(9159, 998, 8),
(11206, 998, 62),
(972, 999, 2),
(3019, 999, 3),
(5066, 999, 4),
(7113, 999, 7),
(9160, 999, 8),
(11207, 999, 62),
(973, 1000, 2),
(3020, 1000, 3),
(5067, 1000, 4),
(7114, 1000, 7),
(9161, 1000, 8),
(11208, 1000, 62),
(974, 1002, 2),
(3021, 1002, 3),
(5068, 1002, 4),
(7115, 1002, 7),
(9162, 1002, 8),
(11209, 1002, 62),
(975, 1004, 2),
(3022, 1004, 3),
(5069, 1004, 4),
(7116, 1004, 7),
(9163, 1004, 8),
(11210, 1004, 62),
(976, 1005, 2),
(3023, 1005, 3),
(5070, 1005, 4),
(7117, 1005, 7),
(9164, 1005, 8),
(11211, 1005, 62),
(977, 1006, 2),
(3024, 1006, 3),
(5071, 1006, 4),
(7118, 1006, 7),
(9165, 1006, 8),
(11212, 1006, 62),
(978, 1007, 2),
(3025, 1007, 3),
(5072, 1007, 4),
(7119, 1007, 7),
(9166, 1007, 8),
(11213, 1007, 62),
(979, 1008, 2),
(3026, 1008, 3),
(5073, 1008, 4),
(7120, 1008, 7),
(9167, 1008, 8),
(11214, 1008, 62),
(980, 1010, 2),
(3027, 1010, 3),
(5074, 1010, 4),
(7121, 1010, 7),
(9168, 1010, 8),
(11215, 1010, 62),
(981, 1011, 2),
(3028, 1011, 3),
(5075, 1011, 4),
(7122, 1011, 7),
(9169, 1011, 8),
(11216, 1011, 62),
(982, 1012, 2),
(3029, 1012, 3),
(5076, 1012, 4),
(7123, 1012, 7),
(9170, 1012, 8),
(11217, 1012, 62),
(983, 1013, 2),
(3030, 1013, 3),
(5077, 1013, 4),
(7124, 1013, 7),
(9171, 1013, 8),
(11218, 1013, 62),
(984, 1014, 2),
(3031, 1014, 3),
(5078, 1014, 4),
(7125, 1014, 7),
(9172, 1014, 8),
(11219, 1014, 62),
(985, 1015, 2),
(3032, 1015, 3),
(5079, 1015, 4),
(7126, 1015, 7),
(9173, 1015, 8),
(11220, 1015, 62),
(986, 1016, 2),
(3033, 1016, 3),
(5080, 1016, 4),
(7127, 1016, 7),
(9174, 1016, 8),
(11221, 1016, 62),
(987, 1017, 2),
(3034, 1017, 3),
(5081, 1017, 4),
(7128, 1017, 7),
(9175, 1017, 8),
(11222, 1017, 62),
(988, 1018, 2),
(3035, 1018, 3),
(5082, 1018, 4),
(7129, 1018, 7),
(9176, 1018, 8),
(11223, 1018, 62),
(989, 1019, 2),
(3036, 1019, 3),
(5083, 1019, 4),
(7130, 1019, 7),
(9177, 1019, 8),
(11224, 1019, 62),
(990, 1020, 2),
(3037, 1020, 3),
(5084, 1020, 4),
(7131, 1020, 7),
(9178, 1020, 8),
(11225, 1020, 62),
(991, 1021, 2),
(3038, 1021, 3),
(5085, 1021, 4),
(7132, 1021, 7),
(9179, 1021, 8),
(11226, 1021, 62),
(992, 1022, 2),
(3039, 1022, 3),
(5086, 1022, 4),
(7133, 1022, 7),
(9180, 1022, 8),
(11227, 1022, 62),
(993, 1023, 2),
(3040, 1023, 3),
(5087, 1023, 4),
(7134, 1023, 7),
(9181, 1023, 8),
(11228, 1023, 62),
(994, 1024, 2),
(3041, 1024, 3),
(5088, 1024, 4),
(7135, 1024, 7),
(9182, 1024, 8),
(11229, 1024, 62),
(995, 1025, 2),
(3042, 1025, 3),
(5089, 1025, 4),
(7136, 1025, 7),
(9183, 1025, 8),
(11230, 1025, 62),
(996, 1026, 2),
(3043, 1026, 3),
(5090, 1026, 4),
(7137, 1026, 7),
(9184, 1026, 8),
(11231, 1026, 62),
(997, 1027, 2),
(3044, 1027, 3),
(5091, 1027, 4),
(7138, 1027, 7),
(9185, 1027, 8),
(11232, 1027, 62),
(998, 1028, 2),
(3045, 1028, 3),
(5092, 1028, 4),
(7139, 1028, 7),
(9186, 1028, 8),
(11233, 1028, 62),
(999, 1029, 2),
(3046, 1029, 3),
(5093, 1029, 4),
(7140, 1029, 7),
(9187, 1029, 8),
(11234, 1029, 62),
(1000, 1030, 2),
(3047, 1030, 3),
(5094, 1030, 4),
(7141, 1030, 7),
(9188, 1030, 8),
(11235, 1030, 62),
(1001, 1031, 2),
(3048, 1031, 3),
(5095, 1031, 4),
(7142, 1031, 7),
(9189, 1031, 8),
(11236, 1031, 62),
(1002, 1032, 2),
(3049, 1032, 3),
(5096, 1032, 4),
(7143, 1032, 7),
(9190, 1032, 8),
(11237, 1032, 62),
(1003, 1033, 2),
(3050, 1033, 3),
(5097, 1033, 4),
(7144, 1033, 7),
(9191, 1033, 8),
(11238, 1033, 62),
(1004, 1034, 2),
(3051, 1034, 3),
(5098, 1034, 4),
(7145, 1034, 7),
(9192, 1034, 8),
(11239, 1034, 62),
(1005, 1035, 2),
(3052, 1035, 3),
(5099, 1035, 4),
(7146, 1035, 7),
(9193, 1035, 8),
(11240, 1035, 62),
(1006, 1036, 2),
(3053, 1036, 3),
(5100, 1036, 4),
(7147, 1036, 7),
(9194, 1036, 8),
(11241, 1036, 62),
(1007, 1037, 2),
(3054, 1037, 3),
(5101, 1037, 4),
(7148, 1037, 7),
(9195, 1037, 8),
(11242, 1037, 62),
(1008, 1038, 2),
(3055, 1038, 3),
(5102, 1038, 4),
(7149, 1038, 7),
(9196, 1038, 8),
(11243, 1038, 62),
(1009, 1039, 2),
(3056, 1039, 3),
(5103, 1039, 4),
(7150, 1039, 7),
(9197, 1039, 8),
(11244, 1039, 62),
(1010, 1040, 2),
(3057, 1040, 3),
(5104, 1040, 4),
(7151, 1040, 7),
(9198, 1040, 8),
(11245, 1040, 62),
(1011, 1041, 2),
(3058, 1041, 3),
(5105, 1041, 4),
(7152, 1041, 7),
(9199, 1041, 8),
(11246, 1041, 62),
(1012, 1042, 2),
(3059, 1042, 3),
(5106, 1042, 4),
(7153, 1042, 7),
(9200, 1042, 8),
(11247, 1042, 62),
(1013, 1043, 2),
(3060, 1043, 3),
(5107, 1043, 4),
(7154, 1043, 7),
(9201, 1043, 8),
(11248, 1043, 62),
(1014, 1044, 2),
(3061, 1044, 3),
(5108, 1044, 4),
(7155, 1044, 7),
(9202, 1044, 8),
(11249, 1044, 62),
(1015, 1045, 2),
(3062, 1045, 3),
(5109, 1045, 4),
(7156, 1045, 7),
(9203, 1045, 8),
(11250, 1045, 62),
(1016, 1046, 2),
(3063, 1046, 3),
(5110, 1046, 4),
(7157, 1046, 7),
(9204, 1046, 8),
(11251, 1046, 62),
(1017, 1047, 2),
(3064, 1047, 3),
(5111, 1047, 4),
(7158, 1047, 7),
(9205, 1047, 8),
(11252, 1047, 62),
(1018, 1048, 2),
(3065, 1048, 3),
(5112, 1048, 4),
(7159, 1048, 7),
(9206, 1048, 8),
(11253, 1048, 62),
(1019, 1049, 2),
(3066, 1049, 3),
(5113, 1049, 4),
(7160, 1049, 7),
(9207, 1049, 8),
(11254, 1049, 62),
(1020, 1050, 2),
(3067, 1050, 3),
(5114, 1050, 4),
(7161, 1050, 7),
(9208, 1050, 8),
(11255, 1050, 62),
(1021, 1051, 2),
(3068, 1051, 3),
(5115, 1051, 4),
(7162, 1051, 7),
(9209, 1051, 8),
(11256, 1051, 62),
(1022, 1052, 2),
(3069, 1052, 3),
(5116, 1052, 4),
(7163, 1052, 7),
(9210, 1052, 8),
(11257, 1052, 62),
(1023, 1053, 2),
(3070, 1053, 3),
(5117, 1053, 4),
(7164, 1053, 7),
(9211, 1053, 8),
(11258, 1053, 62),
(1024, 1054, 2),
(3071, 1054, 3),
(5118, 1054, 4),
(7165, 1054, 7),
(9212, 1054, 8),
(11259, 1054, 62),
(1025, 1055, 2),
(3072, 1055, 3),
(5119, 1055, 4),
(7166, 1055, 7),
(9213, 1055, 8),
(11260, 1055, 62),
(1026, 1056, 2),
(3073, 1056, 3),
(5120, 1056, 4),
(7167, 1056, 7),
(9214, 1056, 8),
(11261, 1056, 62),
(1027, 1057, 2),
(3074, 1057, 3),
(5121, 1057, 4),
(7168, 1057, 7),
(9215, 1057, 8),
(11262, 1057, 62),
(1028, 1058, 2),
(3075, 1058, 3),
(5122, 1058, 4),
(7169, 1058, 7),
(9216, 1058, 8),
(11263, 1058, 62),
(1029, 1059, 2),
(3076, 1059, 3),
(5123, 1059, 4),
(7170, 1059, 7),
(9217, 1059, 8),
(11264, 1059, 62),
(1030, 1060, 2),
(3077, 1060, 3),
(5124, 1060, 4),
(7171, 1060, 7),
(9218, 1060, 8),
(11265, 1060, 62),
(1031, 1061, 2),
(3078, 1061, 3),
(5125, 1061, 4),
(7172, 1061, 7),
(9219, 1061, 8),
(11266, 1061, 62),
(1032, 1062, 2),
(3079, 1062, 3),
(5126, 1062, 4),
(7173, 1062, 7),
(9220, 1062, 8),
(11267, 1062, 62),
(1033, 1063, 2),
(3080, 1063, 3),
(5127, 1063, 4),
(7174, 1063, 7),
(9221, 1063, 8),
(11268, 1063, 62),
(1034, 1064, 2),
(3081, 1064, 3),
(5128, 1064, 4),
(7175, 1064, 7),
(9222, 1064, 8),
(11269, 1064, 62),
(1035, 1065, 2),
(3082, 1065, 3),
(5129, 1065, 4),
(7176, 1065, 7),
(9223, 1065, 8),
(11270, 1065, 62),
(1036, 1066, 2),
(3083, 1066, 3),
(5130, 1066, 4),
(7177, 1066, 7),
(9224, 1066, 8),
(11271, 1066, 62),
(1037, 1067, 2),
(3084, 1067, 3),
(5131, 1067, 4),
(7178, 1067, 7),
(9225, 1067, 8),
(11272, 1067, 62),
(1038, 1068, 2),
(3085, 1068, 3),
(5132, 1068, 4),
(7179, 1068, 7),
(9226, 1068, 8),
(11273, 1068, 62),
(1039, 1069, 2),
(3086, 1069, 3),
(5133, 1069, 4),
(7180, 1069, 7),
(9227, 1069, 8),
(11274, 1069, 62),
(1040, 1070, 2),
(3087, 1070, 3),
(5134, 1070, 4),
(7181, 1070, 7),
(9228, 1070, 8),
(11275, 1070, 62),
(1041, 1071, 2),
(3088, 1071, 3),
(5135, 1071, 4),
(7182, 1071, 7),
(9229, 1071, 8),
(11276, 1071, 62),
(1042, 1072, 2),
(3089, 1072, 3),
(5136, 1072, 4),
(7183, 1072, 7),
(9230, 1072, 8),
(11277, 1072, 62),
(1043, 1073, 2),
(3090, 1073, 3),
(5137, 1073, 4),
(7184, 1073, 7),
(9231, 1073, 8),
(11278, 1073, 62),
(1044, 1074, 2),
(3091, 1074, 3),
(5138, 1074, 4),
(7185, 1074, 7),
(9232, 1074, 8),
(11279, 1074, 62),
(1045, 1075, 2),
(3092, 1075, 3),
(5139, 1075, 4),
(7186, 1075, 7),
(9233, 1075, 8),
(11280, 1075, 62),
(1046, 1076, 2),
(3093, 1076, 3),
(5140, 1076, 4),
(7187, 1076, 7),
(9234, 1076, 8),
(11281, 1076, 62),
(1047, 1077, 2),
(3094, 1077, 3),
(5141, 1077, 4),
(7188, 1077, 7),
(9235, 1077, 8),
(11282, 1077, 62),
(1048, 1078, 2),
(3095, 1078, 3),
(5142, 1078, 4),
(7189, 1078, 7),
(9236, 1078, 8),
(11283, 1078, 62),
(1049, 1079, 2),
(3096, 1079, 3),
(5143, 1079, 4),
(7190, 1079, 7),
(9237, 1079, 8),
(11284, 1079, 62),
(1050, 1080, 2),
(3097, 1080, 3),
(5144, 1080, 4),
(7191, 1080, 7),
(9238, 1080, 8),
(11285, 1080, 62),
(1051, 1081, 2),
(3098, 1081, 3),
(5145, 1081, 4),
(7192, 1081, 7),
(9239, 1081, 8),
(11286, 1081, 62),
(1052, 1082, 2),
(3099, 1082, 3),
(5146, 1082, 4),
(7193, 1082, 7),
(9240, 1082, 8),
(11287, 1082, 62),
(1053, 1083, 2),
(3100, 1083, 3),
(5147, 1083, 4),
(7194, 1083, 7),
(9241, 1083, 8),
(11288, 1083, 62),
(1054, 1084, 2),
(3101, 1084, 3),
(5148, 1084, 4),
(7195, 1084, 7),
(9242, 1084, 8),
(11289, 1084, 62),
(1055, 1085, 2),
(3102, 1085, 3),
(5149, 1085, 4),
(7196, 1085, 7),
(9243, 1085, 8),
(11290, 1085, 62),
(1056, 1086, 2),
(3103, 1086, 3),
(5150, 1086, 4),
(7197, 1086, 7),
(9244, 1086, 8),
(11291, 1086, 62),
(1057, 1087, 2),
(3104, 1087, 3),
(5151, 1087, 4),
(7198, 1087, 7),
(9245, 1087, 8),
(11292, 1087, 62),
(1058, 1088, 2),
(3105, 1088, 3),
(5152, 1088, 4),
(7199, 1088, 7),
(9246, 1088, 8),
(11293, 1088, 62),
(1059, 1089, 2),
(3106, 1089, 3),
(5153, 1089, 4),
(7200, 1089, 7),
(9247, 1089, 8),
(11294, 1089, 62),
(1060, 1090, 2),
(3107, 1090, 3),
(5154, 1090, 4),
(7201, 1090, 7),
(9248, 1090, 8),
(11295, 1090, 62),
(1061, 1091, 2),
(3108, 1091, 3),
(5155, 1091, 4),
(7202, 1091, 7),
(9249, 1091, 8),
(11296, 1091, 62),
(12283, 1097, 2),
(12284, 1099, 2),
(12285, 1099, 3),
(12286, 1099, 4),
(12287, 1099, 7),
(12288, 1099, 8),
(12289, 1099, 62),
(12291, 1100, 2),
(12292, 1100, 3),
(12293, 1100, 4),
(12294, 1100, 7),
(12295, 1100, 8),
(12296, 1100, 62),
(12297, 1101, 2),
(12298, 1101, 3),
(12299, 1101, 4),
(12300, 1101, 7),
(12301, 1101, 8),
(12302, 1101, 62);

DROP TABLE IF EXISTS `modulo`;
CREATE TABLE `modulo` (
  `id` int(11) NOT NULL,
  `activo` int(11) DEFAULT NULL,
  `icono` text DEFAULT NULL,
  `tipo` int(11) DEFAULT NULL,
  `panel_admin` int(11) DEFAULT NULL,
  `nombre` varchar(250) DEFAULT NULL,
  `controller` varchar(100) NOT NULL,
  `method` varchar(100) NOT NULL,
  `url` text DEFAULT NULL,
  `orden` int(11) DEFAULT NULL
) ENGINE=InnoDB DEFAULT CHARSET=latin1;

INSERT INTO `modulo` (`id`, `activo`, `icono`, `tipo`, `panel_admin`, `nombre`, `controller`, `method`, `url`, `orden`) VALUES(1, 1, 'mdi-home', 1, 0, 'Pagos', 'Pago', 'Pago', 'Pago', 2);
INSERT INTO `modulo` (`id`, `activo`, `icono`, `tipo`, `panel_admin`, `nombre`, `controller`, `method`, `url`, `orden`) VALUES(2, 1, 'mdi-chart-bubble', 1, 0, 'Mdulos', 'cursos', 'index', 'cursos/index', 3);
INSERT INTO `modulo` (`id`, `activo`, `icono`, `tipo`, `panel_admin`, `nombre`, `controller`, `method`, `url`, `orden`) VALUES(3, 1, 'mdi-library-books', 1, 10, 'Biblioteca', 'bibliotecas', 'index', 'bibliotecas/index', 4);
INSERT INTO `modulo` (`id`, `activo`, `icono`, `tipo`, `panel_admin`, `nombre`, `controller`, `method`, `url`, `orden`) VALUES(4, 1, 'mdi-forum', 1, 0, 'Foros', 'foroCategoria', 'index', 'foroCategoria/method/index', 5);
INSERT INTO `modulo` (`id`, `activo`, `icono`, `tipo`, `panel_admin`, `nombre`, `controller`, `method`, `url`, `orden`) VALUES(7, 1, 'mdi-account-multiple', 1, 2, 'Mi Comunidad', '', 'mi_comunidad', '/usuario/mi_comunidad', 8);
INSERT INTO `modulo` (`id`, `activo`, `icono`, `tipo`, `panel_admin`, `nombre`, `controller`, `method`, `url`, `orden`) VALUES(8, 1, 'mdi-poll', 1, 0, 'Encuestas', 'encuestas', 'index', 'encuestas/index', 9);
INSERT INTO `modulo` (`id`, `activo`, `icono`, `tipo`, `panel_admin`, `nombre`, `controller`, `method`, `url`, `orden`) VALUES(9, 1, '', 2, 1, 'Gestin de Periodos', 'periodo', 'index', 'periodo/index', 1);
INSERT INTO `modulo` (`id`, `activo`, `icono`, `tipo`, `panel_admin`, `nombre`, `controller`, `method`, `url`, `orden`) VALUES(10, 1, '', 2, 1, 'Gestin de Sedes', 'sede', 'index_sede', 'sede/index_sede', 2);
INSERT INTO `modulo` (`id`, `activo`, `icono`, `tipo`, `panel_admin`, `nombre`, `controller`, `method`, `url`, `orden`) VALUES(11, 1, '', 2, 1, 'Gestin de Documentos', 'documento', 'index', 'documento/index', 3);
INSERT INTO `modulo` (`id`, `activo`, `icono`, `tipo`, `panel_admin`, `nombre`, `controller`, `method`, `url`, `orden`) VALUES(12, 1, '', 2, 1, 'Gestin de Exmenes', '', 'index', '/examen/index', 4);
INSERT INTO `modulo` (`id`, `activo`, `icono`, `tipo`, `panel_admin`, `nombre`, `controller`, `method`, `url`, `orden`) VALUES(13, 1, '', 2, 1, 'Admisin de Carreras', 'admisionCarrera', 'buscar', 'admisionCarrera/buscar', 5);
INSERT INTO `modulo` (`id`, `activo`, `icono`, `tipo`, `panel_admin`, `nombre`, `controller`, `method`, `url`, `orden`) VALUES(14, 1, '', 2, 1, 'Gestin de Postulantes', 'gestionPostulantes', 'index', 'gestionPostulantes/index', 7);
INSERT INTO `modulo` (`id`, `activo`, `icono`, `tipo`, `panel_admin`, `nombre`, `controller`, `method`, `url`, `orden`) VALUES(15, 1, '', 2, 2, 'Gestin de Certificados', 'GeneradorDocs', 'index', 'GeneradorDocs/index/1', 3);
INSERT INTO `modulo` (`id`, `activo`, `icono`, `tipo`, `panel_admin`, `nombre`, `controller`, `method`, `url`, `orden`) VALUES(16, 1, '', 2, 2, 'Gestin de Programas Presenciales', 'progPresencial', 'buscar', 'progPresencial/buscar', 2);
INSERT INTO `modulo` (`id`, `activo`, `icono`, `tipo`, `panel_admin`, `nombre`, `controller`, `method`, `url`, `orden`) VALUES(17, 1, '', 2, 2, 'Gestin de Alumnos', 'gestionAlumnos', 'buscar', 'gestionAlumnos/buscar', 3);
INSERT INTO `modulo` (`id`, `activo`, `icono`, `tipo`, `panel_admin`, `nombre`, `controller`, `method`, `url`, `orden`) VALUES(18, 1, '', 2, 2, 'Carga Masiva de Carreras', 'Comunidad', 'carga', 'Comunidad/carga', NULL);
INSERT INTO `modulo` (`id`, `activo`, `icono`, `tipo`, `panel_admin`, `nombre`, `controller`, `method`, `url`, `orden`) VALUES(19, 1, '', 2, 2, 'Gestin Indicadores Histricos', 'indicadoresHistoricos', 'index', 'indicadoresHistoricos/index', 5);
INSERT INTO `modulo` (`id`, `activo`, `icono`, `tipo`, `panel_admin`, `nombre`, `controller`, `method`, `url`, `orden`) VALUES(20, 1, '', 2, 2, 'Indicadores de Carreras', 'indicadoresCarreras', 'buscar_ind_carreras', 'indicadoresCarreras/buscar_ind_carreras', 8);
INSERT INTO `modulo` (`id`, `activo`, `icono`, `tipo`, `panel_admin`, `nombre`, `controller`, `method`, `url`, `orden`) VALUES(21, 1, '', 2, 2, 'Gestin de Carreras', 'carrera', 'index_carrera', 'carrera/index_carrera', 9);
INSERT INTO `modulo` (`id`, `activo`, `icono`, `tipo`, `panel_admin`, `nombre`, `controller`, `method`, `url`, `orden`) VALUES(22, 1, '', 2, 2, 'Gestin de Asignaturas', 'asignatura', 'index_asignatura', 'asignatura/index_asignatura', 12);
INSERT INTO `modulo` (`id`, `activo`, `icono`, `tipo`, `panel_admin`, `nombre`, `controller`, `method`, `url`, `orden`) VALUES(23, 1, '', 2, 2, 'Gestin de Indicadores de Carreras', 'indicadoresCarreras', 'index', 'indicadoresCarreras/index', 6);
INSERT INTO `modulo` (`id`, `activo`, `icono`, `tipo`, `panel_admin`, `nombre`, `controller`, `method`, `url`, `orden`) VALUES(24, 1, '', 2, 2, 'Indicadores Acadmicos', 'indicadoresAcademicos', 'index', 'indicadoresAcademicos/index', 10);
INSERT INTO `modulo` (`id`, `activo`, `icono`, `tipo`, `panel_admin`, `nombre`, `controller`, `method`, `url`, `orden`) VALUES(25, 1, '', 2, 3, 'Registro de pagos de alumnos', 'pago', 'index', 'pago/index', 3);
INSERT INTO `modulo` (`id`, `activo`, `icono`, `tipo`, `panel_admin`, `nombre`, `controller`, `method`, `url`, `orden`) VALUES(26, 1, '', 2, 3, 'Valorizacin de horas docente', 'valorizacion', 'index', 'valorizacion/index', 2);
INSERT INTO `modulo` (`id`, `activo`, `icono`, `tipo`, `panel_admin`, `nombre`, `controller`, `method`, `url`, `orden`) VALUES(31, 1, '', 2, 4, 'Crear Comunidad', 'comunidad', 'crear_comunidad', 'comunidad/crear_comunidad', NULL);
INSERT INTO `modulo` (`id`, `activo`, `icono`, `tipo`, `panel_admin`, `nombre`, `controller`, `method`, `url`, `orden`) VALUES(32, 1, '', 2, 4, 'Buscar Comunidad', 'comunidad', 'buscar_comunidad', 'comunidad/buscar_comunidad', NULL);
INSERT INTO `modulo` (`id`, `activo`, `icono`, `tipo`, `panel_admin`, `nombre`, `controller`, `method`, `url`, `orden`) VALUES(33, 1, '', 2, 4, 'Modificar Ayuda de la Comunidad', 'ayudaComunidad', 'buscar', 'ayudaComunidad/buscar', 9);
INSERT INTO `modulo` (`id`, `activo`, `icono`, `tipo`, `panel_admin`, `nombre`, `controller`, `method`, `url`, `orden`) VALUES(34, 1, '', 2, 4, 'Crear Categora de Comunidad', 'categoriaComunidad', 'crear', 'categoriaComunidad/crear', 7);
INSERT INTO `modulo` (`id`, `activo`, `icono`, `tipo`, `panel_admin`, `nombre`, `controller`, `method`, `url`, `orden`) VALUES(35, 1, '', 2, 4, 'Buscar Categora de Comunidad', 'categoriaComunidad', 'buscar', 'categoriaComunidad/buscar', 1);
INSERT INTO `modulo` (`id`, `activo`, `icono`, `tipo`, `panel_admin`, `nombre`, `controller`, `method`, `url`, `orden`) VALUES(36, 1, '', 2, 5, 'Agregar Usuario', 'usuario', 'crear_usuario', 'usuario/crear_usuario', NULL);
INSERT INTO `modulo` (`id`, `activo`, `icono`, `tipo`, `panel_admin`, `nombre`, `controller`, `method`, `url`, `orden`) VALUES(37, 1, '', 2, 5, 'Buscar Usuario', 'usuario', 'buscar_usuario', 'usuario/buscar_usuario', NULL);
INSERT INTO `modulo` (`id`, `activo`, `icono`, `tipo`, `panel_admin`, `nombre`, `controller`, `method`, `url`, `orden`) VALUES(38, 1, '', 2, 5, 'Carga Masiva de Usuarios', 'Usuario', 'carga', 'Usuario/carga', NULL);
INSERT INTO `modulo` (`id`, `activo`, `icono`, `tipo`, `panel_admin`, `nombre`, `controller`, `method`, `url`, `orden`) VALUES(39, 1, '', 2, 5, 'Exportar Usuarios', 'Usuario', 'exportar', 'Usuario/exportar', NULL);
INSERT INTO `modulo` (`id`, `activo`, `icono`, `tipo`, `panel_admin`, `nombre`, `controller`, `method`, `url`, `orden`) VALUES(43, 1, '', 2, 5, 'Modulo', 'Modulo', 'buscar_modulo', 'Modulo/buscar_modulo', NULL);
INSERT INTO `modulo` (`id`, `activo`, `icono`, `tipo`, `panel_admin`, `nombre`, `controller`, `method`, `url`, `orden`) VALUES(44, 1, '', 2, 5, 'Role Usuarios', 'Roles', 'buscar_roles', 'Roles/index', 6);
INSERT INTO `modulo` (`id`, `activo`, `icono`, `tipo`, `panel_admin`, `nombre`, `controller`, `method`, `url`, `orden`) VALUES(46, 1, '', 2, 6, 'Agregar Objeto de Aprendizaje', 'scorm', 'agregar', 'scorm/agregar', 2);
INSERT INTO `modulo` (`id`, `activo`, `icono`, `tipo`, `panel_admin`, `nombre`, `controller`, `method`, `url`, `orden`) VALUES(47, 1, '', 2, 6, 'Buscar Objeto de Aprendizaje', 'scorm', 'buscar', 'scorm/buscar', 4);
INSERT INTO `modulo` (`id`, `activo`, `icono`, `tipo`, `panel_admin`, `nombre`, `controller`, `method`, `url`, `orden`) VALUES(48, 1, '', 2, 7, 'Agregar Encuesta o Banco de Preguntas', 'encuesta', 'crear_encuesta', 'encuesta/crear_encuesta', NULL);
INSERT INTO `modulo` (`id`, `activo`, `icono`, `tipo`, `panel_admin`, `nombre`, `controller`, `method`, `url`, `orden`) VALUES(49, 1, '', 2, 7, 'Buscar Encuesta o Banco de Preguntas', 'encuesta', 'buscar_encuesta', 'encuesta/buscar_encuesta', NULL);
INSERT INTO `modulo` (`id`, `activo`, `icono`, `tipo`, `panel_admin`, `nombre`, `controller`, `method`, `url`, `orden`) VALUES(50, 1, '', 2, 7, 'Administrar Encuestas', 'encuesta', 'administrar_encuestas', 'encuesta/administrar_encuestas', 6);
INSERT INTO `modulo` (`id`, `activo`, `icono`, `tipo`, `panel_admin`, `nombre`, `controller`, `method`, `url`, `orden`) VALUES(51, 1, '', 2, 7, 'Gestin Resumen Encuestas', 'gestionResumenEncuestas', 'index', 'gestionResumenEncuestas/index/0', 8);
INSERT INTO `modulo` (`id`, `activo`, `icono`, `tipo`, `panel_admin`, `nombre`, `controller`, `method`, `url`, `orden`) VALUES(52, 1, '', 2, 7, 'Resumen Encuestas', 'resumenEncuestas', 'index', 'resumenEncuestas/index', 10);
INSERT INTO `modulo` (`id`, `activo`, `icono`, `tipo`, `panel_admin`, `nombre`, `controller`, `method`, `url`, `orden`) VALUES(62, 1, 'mdi-home', 1, 0, 'Inicio', 'Home', 'Home', 'Home', 1);
INSERT INTO `modulo` (`id`, `activo`, `icono`, `tipo`, `panel_admin`, `nombre`, `controller`, `method`, `url`, `orden`) VALUES(64, 1, '', 2, 3, 'Generador de Documentos', 'GeneradorDocs', 'index', 'GeneradorDocs/index', NULL);
INSERT INTO `modulo` (`id`, `activo`, `icono`, `tipo`, `panel_admin`, `nombre`, `controller`, `method`, `url`, `orden`) VALUES(65, 1, '', 2, 3, 'Crear Documento', 'GeneradorDocs', 'crear_documento', 'GeneradorDocs/crear_documento', NULL);
INSERT INTO `modulo` (`id`, `activo`, `icono`, `tipo`, `panel_admin`, `nombre`, `controller`, `method`, `url`, `orden`) VALUES(66, 1, 'none', 0, 0, 'Mis comunidades', '', 'comunidad', '/comunidad', 1);
INSERT INTO `modulo` (`id`, `activo`, `icono`, `tipo`, `panel_admin`, `nombre`, `controller`, `method`, `url`, `orden`) VALUES(67, 1, '', 0, 0, 'Perfil de usuarios', '', 'Profile', '/Profile', 1);
INSERT INTO `modulo` (`id`, `activo`, `icono`, `tipo`, `panel_admin`, `nombre`, `controller`, `method`, `url`, `orden`) VALUES(68, 1, '', 0, 0, 'Buzon de Mensajes', 'Mensajeria', 'inbox', 'Mensajeria/inbox', 1);
INSERT INTO `modulo` (`id`, `activo`, `icono`, `tipo`, `panel_admin`, `nombre`, `controller`, `method`, `url`, `orden`) VALUES(69, 1, 'none', 0, 0, 'biblioteca acceder', 'bibliotecas', 'doc', 'bibliotecas/doc', 1);
INSERT INTO `modulo` (`id`, `activo`, `icono`, `tipo`, `panel_admin`, `nombre`, `controller`, `method`, `url`, `orden`) VALUES(70, 1, 'none', 0, 0, 'ver noticias', 'Noticias', 'noticiaPreviewPublic', 'Noticias/noticiaPreviewPublic', 1);
INSERT INTO `modulo` (`id`, `activo`, `icono`, `tipo`, `panel_admin`, `nombre`, `controller`, `method`, `url`, `orden`) VALUES(71, 1, '', 0, 0, 'Biblioteca->comment', 'bibliotecas', 'biblioComment', 'bibliotecas/biblioComment', 1);
INSERT INTO `modulo` (`id`, `activo`, `icono`, `tipo`, `panel_admin`, `nombre`, `controller`, `method`, `url`, `orden`) VALUES(72, 1, 'none', 0, 0, 'encuestas->run', 'encuestas', 'encuestarun', 'encuestas/encuestarun', 1);
INSERT INTO `modulo` (`id`, `activo`, `icono`, `tipo`, `panel_admin`, `nombre`, `controller`, `method`, `url`, `orden`) VALUES(73, 1, 'none', 0, 0, 'noticias->comentarios', 'Noticias', 'noticiaComentario', 'Noticias/noticiaComentario', 1);
INSERT INTO `modulo` (`id`, `activo`, `icono`, `tipo`, `panel_admin`, `nombre`, `controller`, `method`, `url`, `orden`) VALUES(74, 1, 'none', 0, 0, 'modulos->curso_detalle', 'cursos', 'curso_detalle', 'cursos/curso_detalle', 1);
INSERT INTO `modulo` (`id`, `activo`, `icono`, `tipo`, `panel_admin`, `nombre`, `controller`, `method`, `url`, `orden`) VALUES(75, 1, 'none', 0, 0, 'Noticias->index', 'Noticias', 'index', 'Noticias/index', 1);
INSERT INTO `modulo` (`id`, `activo`, `icono`, `tipo`, `panel_admin`, `nombre`, `controller`, `method`, `url`, `orden`) VALUES(76, 1, 'none', 0, 0, 'noticias->noticiaPreview', 'Noticias', 'noticiaPreview', 'Noticias/noticiaPreview', 1);
INSERT INTO `modulo` (`id`, `activo`, `icono`, `tipo`, `panel_admin`, `nombre`, `controller`, `method`, `url`, `orden`) VALUES(77, 1, 'none', 0, 0, 'foros->tema_detalle', 'ForoPost', 'foro_tema_detalle', 'ForoPost/foro_tema_detalle', 1);
INSERT INTO `modulo` (`id`, `activo`, `icono`, `tipo`, `panel_admin`, `nombre`, `controller`, `method`, `url`, `orden`) VALUES(78, 1, '', 0, 0, 'bibliotecas->add', 'bibliotecas', 'biblioCateAdd', 'bibliotecas/biblioCateAdd', 1);
INSERT INTO `modulo` (`id`, `activo`, `icono`, `tipo`, `panel_admin`, `nombre`, `controller`, `method`, `url`, `orden`) VALUES(79, 1, 'none', 0, 0, 'bibliotecas->delete', 'bibliotecas', 'biblioCateDelete', 'bibliotecas/biblioCateDelete', 1);
INSERT INTO `modulo` (`id`, `activo`, `icono`, `tipo`, `panel_admin`, `nombre`, `controller`, `method`, `url`, `orden`) VALUES(80, 1, 'none', 0, 0, 'bibliotecas->biblioCateUpd', 'bibliotecas', 'biblioCateUpd', 'bibliotecas/biblioCateUpd', 1);
INSERT INTO `modulo` (`id`, `activo`, `icono`, `tipo`, `panel_admin`, `nombre`, `controller`, `method`, `url`, `orden`) VALUES(81, 1, 'none', 0, 0, 'bibliotecas->biblioFileAdd', 'bibliotecas', 'biblioFileAdd', 'bibliotecas/biblioFileAdd', 1);
INSERT INTO `modulo` (`id`, `activo`, `icono`, `tipo`, `panel_admin`, `nombre`, `controller`, `method`, `url`, `orden`) VALUES(82, 1, 'none', 0, 0, 'bibliotecas->biblioMicroSitioAdd', 'bibliotecas', 'biblioMicroSitioAdd', 'bibliotecas/biblioMicroSitioAdd', 1);
INSERT INTO `modulo` (`id`, `activo`, `icono`, `tipo`, `panel_admin`, `nombre`, `controller`, `method`, `url`, `orden`) VALUES(83, 1, 'none', 0, 0, 'bibliotecas->biblioUrlAdd', 'bibliotecas', 'biblioUrlAdd', 'bibliotecas/biblioUrlAdd', 1);
INSERT INTO `modulo` (`id`, `activo`, `icono`, `tipo`, `panel_admin`, `nombre`, `controller`, `method`, `url`, `orden`) VALUES(84, 1, 'none', 0, 0, 'bibliotecas->biblioFileDelete', 'bibliotecas', 'biblioFileDelete', 'bibliotecas/biblioFileDelete', 1);
INSERT INTO `modulo` (`id`, `activo`, `icono`, `tipo`, `panel_admin`, `nombre`, `controller`, `method`, `url`, `orden`) VALUES(85, 1, 'none', 0, 0, 'bibliotecas->biblioFileEdit', 'bibliotecas', 'biblioFileEdit', 'bibliotecas/biblioFileEdit', 1);
INSERT INTO `modulo` (`id`, `activo`, `icono`, `tipo`, `panel_admin`, `nombre`, `controller`, `method`, `url`, `orden`) VALUES(86, 1, 'none', 0, 0, 'cursos->add_etiqueta', 'cursos', 'add_etiqueta', 'cursos/add_etiqueta', 1);
INSERT INTO `modulo` (`id`, `activo`, `icono`, `tipo`, `panel_admin`, `nombre`, `controller`, `method`, `url`, `orden`) VALUES(87, 1, 'none', 0, 0, 'cursos->add_objeto_aprendizaje', 'cursos', 'add_objeto_aprendizaje', 'cursos/add_objeto_aprendizaje', 1);
INSERT INTO `modulo` (`id`, `activo`, `icono`, `tipo`, `panel_admin`, `nombre`, `controller`, `method`, `url`, `orden`) VALUES(88, 1, 'none', 0, 0, 'cursos->add_evaluacion', 'cursos', 'add_evaluacion', 'cursos/add_evaluacion', 1);
INSERT INTO `modulo` (`id`, `activo`, `icono`, `tipo`, `panel_admin`, `nombre`, `controller`, `method`, `url`, `orden`) VALUES(89, 1, 'none', 0, 0, 'cursos->add_apuntes', 'cursos', 'add_apuntes', 'cursos/add_apuntes', 1);
INSERT INTO `modulo` (`id`, `activo`, `icono`, `tipo`, `panel_admin`, `nombre`, `controller`, `method`, `url`, `orden`) VALUES(90, 1, 'none', 0, 0, 'cursos->add_pizarra', 'cursos', 'add_pizarra', 'cursos/add_pizarra', 1);
INSERT INTO `modulo` (`id`, `activo`, `icono`, `tipo`, `panel_admin`, `nombre`, `controller`, `method`, `url`, `orden`) VALUES(91, 1, 'none', 0, 0, 'cursos->edit_pizarra', 'cursos', 'edit_pizarra', 'cursos/edit_pizarra', 1);
INSERT INTO `modulo` (`id`, `activo`, `icono`, `tipo`, `panel_admin`, `nombre`, `controller`, `method`, `url`, `orden`) VALUES(92, 1, 'none', 0, 0, 'cursos->edit_apuntes', 'cursos', 'edit_apuntes', 'cursos/edit_apuntes', 1);
INSERT INTO `modulo` (`id`, `activo`, `icono`, `tipo`, `panel_admin`, `nombre`, `controller`, `method`, `url`, `orden`) VALUES(93, 1, 'none', 0, 0, 'cursos->edit_evaluaciones', 'cursos', 'edit_evaluaciones', 'cursos/edit_evaluaciones', 1);
INSERT INTO `modulo` (`id`, `activo`, `icono`, `tipo`, `panel_admin`, `nombre`, `controller`, `method`, `url`, `orden`) VALUES(94, 1, 'none', 0, 0, 'cursos->edit_objeto_aprendizaje', 'cursos', 'edit_objeto_aprendizaje', 'cursos/edit_objeto_aprendizaje', 1);
INSERT INTO `modulo` (`id`, `activo`, `icono`, `tipo`, `panel_admin`, `nombre`, `controller`, `method`, `url`, `orden`) VALUES(95, 1, 'none', 0, 0, 'cursos->add', 'cursos', 'add', 'cursos/add', 1);
INSERT INTO `modulo` (`id`, `activo`, `icono`, `tipo`, `panel_admin`, `nombre`, `controller`, `method`, `url`, `orden`) VALUES(96, 1, 'none', 0, 0, 'cursos->promedio_notas', 'cursos', 'promedio_notas', 'cursos/promedio_notas', 1);
INSERT INTO `modulo` (`id`, `activo`, `icono`, `tipo`, `panel_admin`, `nombre`, `controller`, `method`, `url`, `orden`) VALUES(97, 1, 'none', 0, 0, 'cursos->edit_curso', 'cursos', 'edit_curso', 'cursos/edit_curso', 1);
INSERT INTO `modulo` (`id`, `activo`, `icono`, `tipo`, `panel_admin`, `nombre`, `controller`, `method`, `url`, `orden`) VALUES(98, 1, 'none', 0, 0, 'Profile->administracion', 'Profile', 'administracion', 'Profile/administracion', 1);
INSERT INTO `modulo` (`id`, `activo`, `icono`, `tipo`, `panel_admin`, `nombre`, `controller`, `method`, `url`, `orden`) VALUES(99, 1, 'none', 0, 0, 'Noticias->noticiaAdd', 'Noticias', 'noticiaAdd', 'Noticias/noticiaAdd', 1);
INSERT INTO `modulo` (`id`, `activo`, `icono`, `tipo`, `panel_admin`, `nombre`, `controller`, `method`, `url`, `orden`) VALUES(100, 1, 'none', 0, 0, 'Noticias->noticiaDelete', 'Noticias', 'noticiaDelete', 'Noticias/noticiaDelete', 1);
INSERT INTO `modulo` (`id`, `activo`, `icono`, `tipo`, `panel_admin`, `nombre`, `controller`, `method`, `url`, `orden`) VALUES(101, 1, 'none', 0, 0, 'Noticias->noticiaModificar', 'Noticias', 'noticiaModificar', 'Noticias/noticiaModificar', 1);
INSERT INTO `modulo` (`id`, `activo`, `icono`, `tipo`, `panel_admin`, `nombre`, `controller`, `method`, `url`, `orden`) VALUES(102, 1, '', 2, 3, 'Reporte Presupuestario', 'reportePresupuestario', 'reportePresupuestario', 'reportePresupuestario', 7);
INSERT INTO `modulo` (`id`, `activo`, `icono`, `tipo`, `panel_admin`, `nombre`, `controller`, `method`, `url`, `orden`) VALUES(103, 1, 'none', 0, 0, 'Buzon de Salida', '', '', 'Mensajeria/sendbox', 1);
INSERT INTO `modulo` (`id`, `activo`, `icono`, `tipo`, `panel_admin`, `nombre`, `controller`, `method`, `url`, `orden`) VALUES(104, 1, 'none', 0, 0, 'Redactar', '', '', 'Mensajeria/new', 1);
INSERT INTO `modulo` (`id`, `activo`, `icono`, `tipo`, `panel_admin`, `nombre`, `controller`, `method`, `url`, `orden`) VALUES(105, 1, 'none', 0, 0, 'Ver mensaje', '', '', 'mensajeria/ver', 1);

-- --------------------------------------------------------

--
-- Estructura de tabla para la tabla `roles`
--

DROP TABLE IF EXISTS `roles`;
CREATE TABLE `roles` (
  `id` int(11) NOT NULL,
  `clave` varchar(3) DEFAULT NULL,
  `name` varchar(250) DEFAULT NULL,
  `is_active` tinyint(1) DEFAULT NULL,
  `user_id` int(11) DEFAULT NULL
) ENGINE=InnoDB DEFAULT CHARSET=latin1;

--
-- Volcado de datos para la tabla `roles`
--

INSERT INTO `roles` (`id`, `clave`, `name`, `is_active`, `user_id`) VALUES(1, 'ALU', 'Alumnos', 1, 1);
INSERT INTO `roles` (`id`, `clave`, `name`, `is_active`, `user_id`) VALUES(2, 'TUT', 'Gestor Administrativo', 1, 1);
INSERT INTO `roles` (`id`, `clave`, `name`, `is_active`, `user_id`) VALUES(3, 'PRO', 'Profesores', 1, 1);
INSERT INTO `roles` (`id`, `clave`, `name`, `is_active`, `user_id`) VALUES(4, 'PUB', 'Coordinadores', 1, 1);
INSERT INTO `roles` (`id`, `clave`, `name`, `is_active`, `user_id`) VALUES(5, 'VIS', 'Curricular', 1, 1);
INSERT INTO `roles` (`id`, `clave`, `name`, `is_active`, `user_id`) VALUES(6, 'ADM', 'Administradores', 1, 1);
INSERT INTO `roles` (`id`, `clave`, `name`, `is_active`, `user_id`) VALUES(7, 'POS', 'Administrador de Admisin', 1, 1);


-- --------------------------------------------------------

--
-- Estructura de tabla para la tabla `role_permisos`
--

DROP TABLE IF EXISTS `role_permisos`;
CREATE TABLE `role_permisos` (
  `id` int(11) NOT NULL,
  `role_id` int(11) DEFAULT NULL,
  `modulo_id` int(11) DEFAULT NULL,
  `acceso` text DEFAULT NULL
) ENGINE=InnoDB DEFAULT CHARSET=latin1;

--
-- Volcado de datos para la tabla `role_permisos`
--

INSERT INTO `role_permisos` (`id`, `role_id`, `modulo_id`, `acceso`) VALUES
(1, 6, 1, '1,2,3'),
(2, 6, 2, '1,2,3'),
(3, 6, 3, '1,2,3'),
(4, 6, 14, '2,3'),
(5, 6, 15, '2,3'),
(6, 6, 16, '2,3'),
(8, 6, 8, '1,2,3'),
(9, 6, 9, '1,2,3'),
(10, 6, 10, '1,2,3'),
(11, 6, 11, '1,2,3'),
(12, 6, 12, '1,2,3'),
(13, 6, 13, '1,2,3'),
(17, 6, 17, '1,2,3'),
(18, 6, 18, '1,2,3'),
(19, 6, 19, '1,2,3'),
(20, 6, 20, '1,2,3'),
(21, 6, 21, '1,2,3'),
(22, 6, 22, '1,2,3'),
(23, 6, 23, '1,2,3'),
(24, 6, 24, '1,2,3'),
(25, 6, 25, '1,2,3'),
(26, 6, 26, '1,2,3'),
(27, 6, 27, '1,2,3'),
(28, 6, 28, '1,2,3'),
(29, 6, 29, '1,2,3'),
(30, 6, 30, '1,2,3'),
(31, 6, 31, '1,2,3'),
(32, 6, 32, '1,2,3'),
(33, 6, 33, '1,2,3'),
(34, 6, 34, '1,2,3'),
(35, 6, 35, '1,2,3'),
(36, 6, 36, '1,2,3'),
(37, 6, 37, '1,2,3'),
(38, 6, 38, '1,2,3'),
(39, 6, 39, '1,2,3'),
(40, 6, 40, '1,2,3'),
(41, 6, 41, '1,2,3'),
(42, 6, 42, '1,2,3'),
(43, 6, 43, '1,2,3'),
(44, 6, 44, '1,2,3'),
(45, 6, 45, '1,2,3'),
(46, 6, 46, '1,2,3'),
(47, 6, 47, '1,2,3'),
(48, 6, 48, '1,2,3'),
(49, 6, 49, '1,2,3'),
(51, 6, 51, '1,2,3'),
(52, 6, 52, '1,2,3'),
(53, 6, 53, '1,2,3'),
(54, 6, 54, '1,2,3'),
(55, 6, 55, '2,3'),
(56, 6, 56, '2,3'),
(57, 6, 57, '1,2,3'),
(58, 6, 58, '1,2,3'),
(59, 6, 59, '1,2,3'),
(60, 6, 60, '1,2,3'),
(61, 6, 61, '1,2,3'),
(68, 6, 62, '1,2,3'),
(76, 6, 4, '1,2,3'),
(77, 6, 64, '1,2,3'),
(78, 6, 65, '1,2,3'),
(80, 2, 66, '1,2,3'),
(81, 3, 66, '1,2,3'),
(82, 4, 66, '1,2,3'),
(101, 1, 1, '1,2,3'),
(102, 1, 2, '1,2,3'),
(103, 1, 3, '1,2,3'),
(104, 1, 4, '1,2,3'),
(106, 1, 8, '1,2,3'),
(107, 1, 69, '1,2,3'),
(108, 1, 70, '1,2,3'),
(109, 1, 71, '1,2,3'),
(110, 1, 72, '1,2,3'),
(111, 1, 73, '1,2,3'),
(112, 1, 76, '1,2,3'),
(113, 1, 103, '1,2,3'),
(114, 1, 104, '1,2,3'),
(115, 1, 105, '1,2,3'),
(116, 1, 62, '1,2,3'),
(129, 1, 68, NULL),
(130, 1, 67, NULL),
(131, 1, 66, NULL),
(132, 1, 75, NULL),
(133, 1, 74, NULL),
(134, 6, 7, NULL),
(135, 7, 7, NULL),
(136, 1, 7, NULL),
(137, 4, 7, NULL),
(138, 5, 7, NULL),
(139, 2, 7, NULL),
(140, 3, 7, NULL);

--
-- ndices para tablas volcadas
--

--
-- Indices de la tabla `grupo_modulos`
--
ALTER TABLE `grupo_modulos`
  ADD PRIMARY KEY (`id`),
  ADD UNIQUE KEY `grupo_id` (`grupo_id`,`modulo_id`);

--
-- Indices de la tabla `modulo`
--
ALTER TABLE `modulo`
  ADD PRIMARY KEY (`id`),
  ADD UNIQUE KEY `url` (`url`) USING HASH;

--
-- Indices de la tabla `roles`
--
ALTER TABLE `roles`
  ADD PRIMARY KEY (`id`);

--
-- Indices de la tabla `role_permisos`
--
ALTER TABLE `role_permisos`
  ADD PRIMARY KEY (`id`),
  ADD UNIQUE KEY `role_id` (`role_id`,`modulo_id`);

--
-- AUTO_INCREMENT de las tablas volcadas
--

--
-- AUTO_INCREMENT de la tabla `grupo_modulos`
--
ALTER TABLE `grupo_modulos`
  MODIFY `id` int(11) NOT NULL AUTO_INCREMENT, AUTO_INCREMENT=12307;

--
-- AUTO_INCREMENT de la tabla `modulo`
--
ALTER TABLE `modulo`
  MODIFY `id` int(11) NOT NULL AUTO_INCREMENT, AUTO_INCREMENT=106;

--
-- AUTO_INCREMENT de la tabla `roles`
--
ALTER TABLE `roles`
  MODIFY `id` int(11) NOT NULL AUTO_INCREMENT, AUTO_INCREMENT=8;

--
-- AUTO_INCREMENT de la tabla `role_permisos`
--
ALTER TABLE `role_permisos`
  MODIFY `id` int(11) NOT NULL AUTO_INCREMENT, AUTO_INCREMENT=141;
COMMIT;

/*!40101 SET CHARACTER_SET_CLIENT=@OLD_CHARACTER_SET_CLIENT */;
/*!40101 SET CHARACTER_SET_RESULTS=@OLD_CHARACTER_SET_RESULTS */;
/*!40101 SET COLLATION_CONNECTION=@OLD_COLLATION_CONNECTION */;
